"SKN","Station.Name","Observer","Network","Island","ELEV.m.","LAT","LON","NCEI.id","NWS.id","NESDIS.id","SCAN.id","SMART_NODE_RF.id","X2022.11.01","X2022.11.02","X2022.11.03","X2022.11.04","X2022.11.05","X2022.11.06","X2022.11.07","X2022.11.08","X2022.11.09","X2022.11.10","X2022.11.11","X2022.11.12","X2022.11.13","X2022.11.14","X2022.11.15","X2022.11.16","X2022.11.17","X2022.11.18","X2022.11.19","X2022.11.20","X2022.11.21","X2022.11.22","X2022.11.23","X2022.11.24","X2022.11.25","X2022.11.26","X2022.11.27","X2022.11.28","X2022.11.29","X2022.11.30"
3.9,"LOWER KAHUKU CS","LOWER KAHUKU CS","RAWS","BI",953.7192,19.10083333,-155.6697222,NA,"LKHH1","32D620C2",NA,NA,0,0,0.254000000000133,16.002,0,1.01600000000008,1.01600000000008,2.03199999999993,0,0,1.26999999999998,10.1599999999999,8.63600000000019,3.55600000000004,1.77800000000002,0.253999999999905,0,0.253999999999905,0,0,0,5.8420000000001,16.002,0.761999999999944,0,0.254000000000133,1.26999999999998,1.01599999999985,0,4.31800000000021
4.15,"SOUTH POINT NEAR NAALEHU 12SSW","NWS","STATE","BI",295.78,18.9928,-155.668,NA,"SOPH1","B1507246",NA,NA,0,0,6.35,16.256,0,0,0,0,0,0,0,0,0,0,0,0,0,0,0,0,0,3.556,0.762,0,0,0,1.016,1.524,0,0.508
9.2,"Nene Cabin","Nene Cabin","RAWS","BI",1991.7737,19.2564,-155.6144,NA,"NENH1","32D64524",NA,NA,0,4.57199999999966,NA,8.38200000000006,0,6.34999999999991,1.77800000000025,0.507999999999811,0.253999999999905,0,0,0.254000000000133,4.06399999999985,2.28600000000006,9.39800000000014,6.096,0.254000000000133,0,0,0,0,4.318,5.58799999999997,1.52399999999989,0,0,1.77799999999979,0.508,0,1.26999999999998
21,"Pahala","KAU SUGAR","HydroNet-UaNet","BI",346.8624,19.2042999,-155.4872,"USC00517421","PPLH1","B16084B2",NA,NA,0,0.50800000000001,9.14400000000001,9.90599999999998,0,0,0,0,0,0,0,1.01599999999999,0.254000000000019,0,0,0,0,0,0,0,0,0,0,0,0,0.253999999999991,1.01599999999999,2.79400000000001,4.06399999999999,3.81000000000003
23,"KAHUKU","RAWS","RAWS","BI",1796.4912,19.23222222,-155.78,NA,"KRCH1","32639544",NA,NA,0,0,1.524,6.35000000000002,0,1.01599999999996,0,3.30200000000002,10.414,0.254000000000019,5.33399999999995,1.2700000000001,1.52399999999989,3.30200000000013,4.31799999999987,0,0,0.762000000000057,0.508000000000038,0,0,3.55599999999993,1.2700000000001,1.01599999999996,0.762000000000057,0,1.77799999999991,2.28600000000006,0,0.761999999999944
27.6,"Honaunau No. 2","NWS","HydroNet-UaNet","BI",398.0688,19.4629002,-155.8824,NA,"HAUH1","15D12742",NA,NA,6.60399999999998,0,0,0,24.892,2.54000000000002,10.6679999999999,7.87400000000008,0.253999999999962,0,0,1.52399999999994,0.254000000000076,0,7.87399999999997,0,5.08000000000004,0,8.12799999999999,7.11199999999997,2.286,0.254000000000019,0.253999999999962,31.75,0.254000000000019,0,1.524,1.01600000000008,0,0
29.12,"Kealakekua","NWS","HydroNet-UaNet","BI",537.972,19.5181007,-155.9159,NA,"KLEH1","81708572",NA,NA,0,0,0,0,0,0,38.0999999999999,10.5618549610894,1.52399999999989,0.254000000000133,0,0.254000000000019,0.253999999999905,0,0,0,0,0,0,0,0.253999999999905,1.77800000000002,1.2700000000001,22.3095413927952,0.254000000000133,0,1.01599999999996,0.762000000000057,0.253999999999905,0.253999999999905
34,"Kapapala Ranch","NWS","HydroNet-UaNet","BI",638.556,19.2754993,-155.4514,"USC00513300","KAYH1","B16097C4",NA,NA,0,0.253999999999962,15.748,7.87400000000002,0,0,0,0,0,0,0,0,0,0,0,0,0,0,0,0,0,0,0,0,0,0.761999999999944,1.27000000000004,1.01599999999996,1.01600000000002,0.254000000000019
36.3,"KAPAPALA RANCH","KAPAPALA RANCH","RAWS","BI",1081,19.25811,-155.441781,NA,"KPRH1","AA10E258",NA,NA,0,0,10.16,9.65199999999993,0,0,0,0,0,0,0,0,0,0,0,0,0,0,0,0,0,0,0,0,0,0,1.01600000000008,2.53999999999996,0,0.254000000000019
38.9,"KAELAKOMO","KAELAKOMO","RAWS","BI",29.5656,19.29277778,-155.1075,NA,"KMOH1","32807432",NA,NA,0,13.97,NA,31.242,0,0.253999999999991,0.507999999999981,1.27000000000001,0,0,0,0,0,0,0,0,0,0.762,0,0.761999999999972,0.762000000000029,0.253999999999991,0,0,0,0,0,7.36599999999999,0,3.04800000000003
39,"Mauna Loa Observatory","NWS","ESRL/GMD","BI",3397,19.5362,-155.5763,"USC00516198","MOBH1",NA,NA,NA,0,0,NA,1.524,0,0,0,0,0,0,0,0,0,0,0,0,1.27,1.524,0.254,0,0,0,0,NA,0,0,3.81,0.508,0,0
43.3,"PUHE CS","PUHE CS","RAWS","BI",34.126,20.025,-155.8211111,NA,"PHRH1","32D61558",NA,NA,0,0,0,0,1.01600000000008,0,40.8939999999999,NA,0,0,0,2.54000000000002,0,0,0,0,0,0,3.81,0,0,0,0,5.58800000000002,0.761999999999944,0,0,2.03200000000004,0,0.254000000000019
47,"KEMOKU LAVA FLOW","RAWS","RAWS","BI",1706.88,19.47555556,-155.3627778,"USR0000HKEA","KKUH1","FA4447E8",NA,NA,0,0,42.672,39.37,0,0,0,0.253999999999962,0,0,0,0.507999999999981,0,0,0,0,3.04800000000006,0.253999999999962,0,2.03200000000004,0.253999999999962,5.33400000000006,0,0.507999999999981,0,0,0.507999999999981,1.01600000000002,0,1.52399999999994
48,"PALI 2","RAWS","RAWS","BI",847.344,19.3175,-155.2922222,"USR0000HPAL","PLIH1","FA900222",NA,NA,0,0.507999999999981,31.242,12.954,0,0,0,0,0,0,0,0.254000000000019,0,0,0,0,0,0,0,0.761999999999944,0.254000000000076,0,0,1.77799999999996,0,0,0,1.524,1.01599999999996,1.77800000000002
63,"KALOKO-HONOKOHAU","RAWS","RAWS","BI",7.62,19.67277778,-156.0202778,NA,"KHOH1","FA667668",NA,NA,0,0,0,0,0,9.65200000000004,0,0,NA,0,0,0.507999999999981,0,0,0,0,0,0,0,NA,0,NA,0,0.254000000000019,0,0,0,0.507999999999981,0,0
68.21,"KAILUA KONA KE AHOLE AIRPORT","KAILUA KONA KE AHOLE AIRPORT","NWS","BI",27,19.73556,-156.04889,"USW00021510","PHKO",NA,NA,NA,0,0,NA,0,0,1.016,0,0,0,0,0,0,0,0,0.508,0,0,0,0,0,0,0.508,0,NA,0.254,0,0,0.254,0,0
69.28,"Kailua-Kona HI US G0154-W6SPO-13 ","unknown","APRSWXNET","BI",0,19.707,-155.978,NA,"G0154",NA,NA,NA,NA,NA,0,NA,NA,NA,NA,NA,5.58799982070923,NA,NA,0.254000008106232,NA,NA,NA,NA,NA,NA,NA,3.81000018119812,NA,13.4619989395142,0.76199996471405,1.77799999713898,NA,NA,0.76199996471405,0.76199996471405,NA,NA
69.51,"Kailua Kona HI US E6648-EW6648 ","unknown","APRSWXNET","BI",164.05,19.61,-155.96,NA,"E6648",NA,NA,NA,NA,NA,NA,0,NA,NA,NA,NA,NA,NA,NA,NA,NA,NA,NA,NA,0,NA,NA,NA,0,NA,0,NA,0,NA,NA,NA,NA,0
70.16,"Waiaha Stream","NWS","HydroNet-UaNet","BI",460.5528,19.6331997,-155.9486,NA,"WIHH1","9321011E",NA,NA,0,0,0,0,0,1.01600000000008,0.508000000000038,14.9859999999999,1.71707800171109,0,0,0,1.0160000000003,0,0.761999999999716,0,0,0,0,0,0,0,0.508000000000038,14.732,0.253999999999905,0,0.508000000000266,0.761999999999944,0,0
75.1,"PTA KIPUKA ALALA","RAWS","RAWS","BI",1641.348,19.66694444,-155.7077778,"USR0000HPTK","PKAH1","32666200",NA,NA,0.254000000000019,0,3.04799999999994,0.507999999999981,0,0,0,0,0,0,0,0,0,0,0,0,0,0.508000000000038,0,0,0,0,1.524,1.524,0.507999999999981,0,2.79400000000004,0.762,0,0
79.6,"Kulani NWR","NWS","HydroNet-UaNet","BI",1623.3648,19.5543995,-155.3089,NA,"KNWH1",NA,NA,NA,4.81425603145111,15.222679473411,54.6743494572917,27.1014406503773,3.23434781511748,0.310093016515165,4.06021185859168,8.05346846719916,6.19903802896905,2.55826738625011,41.402,2.032,0.508,0.508,0.762,0.254,0,8.42367844065454,0,0,0,0,1.524,12.0736754038264,5.26598988965494,0.503049562533337,0,0,0.447155166696301,0.576928316446818
83,"QuarryRainGageatSaddleRd","USGS","USGS","BI",1286.256,19.68586111,-155.2942222,NA,"SDQH1","DDF6B6E4",NA,NA,3.30199999999997,12.954,82.8185876489957,23.622,0.254000000000005,0,6.34999999999999,10.922,0.253999999999991,0,0,0.507999999999996,0.254000000000005,2.794,1.77800000000001,0,0,16.002,6.60399999999998,11.684,19.05,12.446,2.54000000000002,0.761999999999972,0.50800000000001,2.286,0,0,2.03200000000001,0.507999999999981
85.2,"Waiakea Uka","NWS","HydroNet-UaNet","BI",303.8856,19.6585999,-155.1277,"USC00519084","WKAH1",NA,NA,NA,10.3089697174342,19.9649222399827,45.0600802874846,28.0868563678921,4.24192749631673,0.406694693447401,4.97938489598584,9.73254342680506,11.1680818833216,3.35523122094106,1.016,0,0,0.254,1.016,1.524,0.254,9.398,0.762,0,0,0,15.4919283857377,15.8349251857547,18.796,0,0,0,0.58645510784691,2.10368614486888
87,"HILO INTERNATIONAL AIRPORT 87","NWS","HydroNet-UaNet","BI",11.6,19.7191,-155.053,"USW00021504","PHTO",NA,NA,NA,10.922,36.83,37.5228578994685,34.29,10.414,1.016,5.842,5.334,19.304,8.382,0.762,0.508,1.524,2.54,17.018,11.43,4.572,31.242,31.75,15.748,12.446,4.826,16.51,20.0659993290901,0,0,0,1.27,0,1.524
88.8,"Waiakea Exp Farm","UNIV HAWAII","STATE","BI",183,19.644743,-155.0805636,NA,"WEXH1","CD07410A",NA,NA,NA,44.45,NA,40.64,4.572,7.366,5.588,13.97,10.414,2.794,NA,0.254,1.27,0.762,4.064,1.778,0,12.446,10.16,40.132,12.446,7.62,9.652,NA,0,0,0,3.81,0,10.668
89.11,"Piihonua","NWS","HydroNet-UaNet","BI",296.8752,19.7098007,-155.1395,"USC00518053","PIIH1",NA,NA,NA,9.59564091465047,18.5834501366132,49.9229684953306,26.1433873136582,3.94840747003072,0.378553468210828,4.6348365304546,9.05910042125013,10.3953068439549,3.12306611273933,1.524,0,0,1.27,9.652,0,0.254,22.86,3.81,0,0,0,14.4821559931972,14.7392280856049,11.43,0,0,0,0.545875366957831,1.95812165488747
89.15,"HONOLII STREAM NEAR PAPAIKOU NEAR HILO 3N ","USGS","USGS","BI",522.23157,19.7667,-155.1544,NA,"NLIH1","D114953C",NA,NA,14.9860000000001,NA,NA,38.608,3.30200000000002,7.87399999999998,4.82600000000001,22.86,9.39800000000001,0.50800000000001,6.60399999999998,1.01600000000002,1.77799999999999,4.82599999999999,10.414,3.30200000000002,0.50800000000001,19.558,7.36599999999999,31.242,13.97,24.13,12.446,20.574,0.762,0.253999999999962,0,0.508000000000038,0.254000000000019,0
91.15,"Mountain View","Mountain View","HydroNet-UaNet","BI",346.5576,19.5674992,-155.0841,NA,"MTVH1",NA,NA,NA,NA,NA,NA,NA,NA,NA,NA,NA,NA,NA,3.302,0,0.508,5.334,3.048,8.128,0,23.114,6.096,0,0,0,NA,NA,24.13,0,0,0,NA,NA
91.9,"Pahoa Beacon","NWS","HydroNet-UaNet","BI",187.1472,19.5149994,-154.9644,NA,"PHAH1",NA,NA,NA,10.7187772341924,33.7802193253258,27.1610149281563,24.367415627018,4.77582411151158,0.465934059659666,3.60506453377575,7.53884411224261,12.7108458449195,3.84395599219224,3.556,1.27,2.54,4.826,13.462,2.286,0.254,5.588,1.27,0,0,0,16.985189325251,18.4043947412029,14.478,0.254,0,0,0,2.24214057404382
92.5,"KiholoRainGage","USGS","USGS","BI",283.96692,19.82580556,-155.8925833,NA,"KIRH1","DD60236E",NA,NA,0,0,2.54000000000001,0,0,0,0,0,0,0,0,0,0,0,0,0,0,0,0,0,0,0,0,0,0,0,0.508,0.508,0,0
93.12,"PUUANAHULU","RAWS","RAWS","BI",830.58,19.83277778,-155.7697222,NA,"PULH1","48703040",NA,NA,0,0,NA,0,0,0,0,0,0,0,0,0,0,0,0,0,0,0,0,0,0,0,9.39799999999997,0,0,0,1.524,0.762,0,0
94,"KAUPULEHU LAVA FLOW","RAWS","RAWS","BI",372.1608,19.80333333,-155.9180556,NA,"KPLH1","4870E628",NA,NA,0,0,0.508000000000038,0,0,0,0,0,0,0,0,0,0,0,0,0,0,0,0,0,0,0,0,0,0,0,0.507999999999981,0.762,0,0
94.5,"PUU WAAWAA","RAWS","RAWS","BI",708.9648,19.795,-155.8452778,"USR0000HPUW","PWWH1","487046D0",NA,NA,0,0,8.38200000000001,0,0,0,0,0,0,0,0,0,0,0,0,0,0,0,0,0,0,0,2.79399999999998,0,0,0,1.27000000000004,1.01599999999996,0,0
95.6,"WAIKOLOA","RAWS","RAWS","BI",297.7896,19.92416667,-155.7936111,NA,"WKVH1","4870C0C4",NA,NA,0,0,0,0,0,0,0,0,0,0,0,0,0,0,0,0,0,0,0,0,0,0,0.254000000000005,0,0,0,0.507999999999996,0.254000000000005,0,0
98.2,"PUHO CS","PUHO CS","RAWS","BI",29.5656,19.42194444,-155.9075,NA,"PERH1","32D6803A",NA,NA,0,0,0,0,0,0,0,NA,0,0,0,0,0,0,NA,0,0,0,0,0,0,0,0,NA,0,0,0,0,0,0
99,"PTA WEST","RAWS","RAWS","BI",1307.592,19.77166667,-155.7022222,"USR0000HPTW","PKWH1","32667176",NA,NA,NA,0,2.03199999999998,0,0,0,0,0,0,NA,0,0,0,0,0,NA,0,0,0,0,0,0,4.31799999999998,0,0,0,3.55599999999998,0.507999999999981,0,0
101.1,"PTA KEAMUKU","RAWS","RAWS","BI",1025.9568,19.90222222,-155.6786111,NA,"PKMH1","328FB7BE",NA,NA,0,0,2.79399999999998,0.253999999999991,0,0,0,0,0,0,0,0,0,0,0,0,0,0,0,0,0,0,1.27000000000004,0,0,0,1.77799999999996,0.50800000000001,0,0
102.8,"AUHMOA","RAWS","RAWS","BI",2001.9264,19.83638889,-155.6130556,NA,"AHMH1","4870D3B2",NA,NA,0,0,1.26999999999992,0,0.254000000000019,0,0,0,0,0,0,0,0,0,0,0,0,0,0,0,0,0,0.507999999999981,0.254000000000019,0,0,4.82599999999996,2.03200000000004,0,0
107.4,"PTA EAST","RAWS","RAWS","BI",1959.864,19.68277778,-155.5452778,"USR0000HPTA","PTAH1","3266D18E",NA,NA,0.254000000000019,0,1.77799999999996,1.77799999999996,0,0,0,0,0,0,0,0,0,0,0,0,0,20.066,0,0,2.79399999999998,1.27000000000004,NA,0,0,0,1.524,1.77799999999996,0,0
109,"PTA RANGE 17","RAWS","RAWS","BI",1734.312,19.74583333,-155.6261111,NA,"PTRH1","3279630C",NA,NA,0,0,NA,2.286,0,0,0,0.253999999999991,0,0,0,0,0,0,0,0,0,0.253999999999991,0,0,0,0,1.52400000000003,0.253999999999991,0,0,6.60399999999998,0.762,0,0
113.2,"PUU MALI","RAWS","RAWS","BI",2165,19.92666,-155.44,NA,"PMLH1","3181742E",NA,NA,0,0,3.55599999999998,0,2.03199999999998,0,0,0,0,0,2.286,0.762000000000057,0,0,0,0,0.761999999999944,4.572,0,NA,0,0,1.524,28.194,1.26999999999998,0,0,2.03199999999998,0,0
129,"HAKALAU","RAWS","RAWS","BI",1950.72,19.82111111,-155.3305556,"USR0000HHAK","HKUH1","8374D370",NA,NA,1.524,2.28599999999994,36.83,23.1139999999999,0,0,1.77800000000002,8.12800000000004,0.508000000000038,0,0,0,0.254000000000019,1.524,1.77800000000002,0,8.88999999999999,5.07999999999993,3.30200000000002,8.12800000000004,9.65200000000004,7.62,1.01599999999996,11.684,0.762000000000057,0,2.03199999999993,1.26999999999998,0,0
132.6,"Laupahoehoe, HI US F9660-FW9660","unknown","APRSWXNET","BI",334,19.9672,-155.2367,NA,"F9660",NA,NA,NA,8.63599967956542,NA,26.9239959716797,14.2240028381348,0,0,4.82599973678589,8.88999938964844,2.54000091552734,0.253999948501587,5.84200000762939,4.82599925994873,2.53999996185303,5.84200000762939,17.5260002613068,16.0020008087158,0,NA,13.7160024642944,NA,16.7640018463135,9.39800024032593,22.8600001335144,NA,1.52400970458984,0,0,3.0479998588562,0,0.254000008106232
133.3,"Laupahoehoe","NWS","HydroNet-UaNet","BI",499.872,19.9792,-155.2372,NA,"LPHH1","B159741A",NA,NA,9.39799999999991,9.4335554777337,22.3519999999999,14.2239999999999,0,0,1.52400000000011,8.38200000000006,6.34999999999991,0,3.55600000000004,4.06399999999985,3.04800000000023,5.58799999999997,9.90599999999995,17.2719999999999,0,41.1479999999999,10.922,23.1140000000003,17.2719999999999,7.61999999999989,15.4939999999999,15.1457901092244,0.761999999999944,0,0,2.53999999999996,0,2.53999999999996
140.6,"Papaikou Well","NWS","HydroNet-UaNet","BI",345.6432,19.7884998,-155.1313,NA,"PPWH1",NA,NA,NA,NA,NA,NA,NA,NA,NA,NA,NA,NA,NA,3.556,0.254,2.54,4.572,9.398,11.938,1.524,17.018,1.524,0,0,0,NA,NA,26.67,0,0,0,NA,NA
147.2,"KOHALA RANCH","KOHALA RANCH","RAWS","BI",328.8792,20.08305556,-155.8325,NA,"KHRH1","4870B654",NA,NA,0,0,0,0,0,0,0,0,0,0,0.507999999999981,0,0,0,0,0,0,0,0,0,0,0,0.253999999999962,1.27000000000004,0,0,0.507999999999981,0.254000000000019,0,0.254000000000019
160.3,"Upolu Airport","NWS","HydroNet-UaNet","BI",34,20.265,-155.8582,NA,"UPLH1","B15017A0",NA,NA,0.254000000000019,2.032,0,0,0,0,0,0.253999999999991,0.50800000000001,0,0,0.507999999999996,2.54000000000001,3.048,3.80999999999999,9.652,0,0,1.52399999999999,5.334,4.31800000000003,4.06399999999998,6.858,6.85799999999999,0,0,0,2.54000000000002,0,0
176.3,"Kahua Ranch HQ","KAHUA RANCH","HydroNet-UaNet","BI",987.552,20.1249008,-155.7884,NA,"KASH1","15D293C2",NA,NA,0.762000000000171,0,0,0,0,0,0,0.761999999999944,0,1.77799999999979,9.39800000000014,2.28600000000006,1.77800000000002,0,0.507999999999811,0.254000000000133,0,0.507999999999811,0.254000000000133,3.55600000000004,0.762000000000171,0,5.58799999999997,29.5917259749706,2.53999999999974,0,1.0160000000003,0.507999999999811,0.254000000000133,0
185.7,"KawainuiRainGagenearKamuela","USGS","USGS","BI",1237.488,20.08533333,-155.6811667,NA,"KWSH1","DDF6A592",NA,NA,13.97,1.01599999999996,0,1.27000000000004,0,0,0.253999999999991,2.286,0.762,2.286,18.288,7.874,6.35,3.30200000000001,6.85799999999999,8.38200000000001,0.253999999999991,13.716,4.57200000000002,16.256,6.096,0.762,21.082,NA,8.88999999999999,0.508000000000038,1.26999999999995,0.762000000000029,0,1.01599999999999
192.7,"Kamuela Upper","NWS","HydroNet-UaNet","BI",948.5376,20.0319996,-155.6667,"USC00513080","KUUH1","817075F6",NA,NA,3.04800000000012,0,0,0,0,0,0,0,0,0.507999999999925,10.6679999999999,3.30200000000013,2.7940000000001,3.55600000000004,4.31799999999976,1.52400000000011,0,1.52400000000011,0,2.03199999999993,1.01599999999985,0,5.33400000000006,38.0999999999999,4.57200000000012,0,1.01599999999985,0.508000000000266,0,0
201.3,"Kamuela 1","NWS","HydroNet-UaNet","BI",877.824,20.0394993,-155.6084,NA,"KMUH1","81706680",NA,NA,1.77800000000025,0,0,0.253999999999905,0,0,0,0,0,0,12.4459999999999,2.53999999999905,1.52400000000034,0.253999999999905,2.53999999999996,1.77800000000025,0,2.28600000000097,0,1.01599999999871,1.27000000000044,0,5.07999999999993,43.942,3.04800000000068,0.253999999998996,0.761999999999716,0.762000000000626,0,0
208.1,"Honokaa HI US E6549-AH6AE ","unknown","APRSWXNET","BI",310.01,20.101,-155.531,NA,"E6549",NA,NA,NA,2.03199994564056,0,0,0,0,0,0,NA,NA,NA,NA,2.54000020027161,2.28599977493286,0.76199996471405,2.53999996185303,3.04800009727478,0,23.1140003204346,4.57199954986572,6.60399961471558,1.27000093460083,0.508000016212463,6.60399997234344,NA,0.761993408203125,0,0,0.254000008106232,0,0
215.5,"Honokaa","NWS","HydroNet-UaNet","BI",591.9216,20.0656,-155.49,NA,"HNKH1","B15047DC",NA,NA,4.82600000000002,0,0,0,0,0,0,1.26999999999862,0.254000000001724,0.253999999999905,10.4139999999989,3.5560000000014,1.01599999999871,2.28600000000097,2.79399999999896,1.52400000000034,0,23.8759999999993,1.52400000000034,10.9220000000005,4.31800000000021,0.253999999999905,10.6680000000006,63.9997375547556,4.57200000000012,0,0,0.761999999999716,0,0
250.2,"Ulupalakua Ranch","NWS","HydroNet-UaNet","MA",581.5584,20.6487999,-156.3981,NA,"ULUH1","8170531A",NA,NA,0,0,0,0,0,0,0,0,0,0,0,0,0,0,3.04799999999977,0,0,0,0,0,0,0,5.08000000000015,0,0,2.28600000000006,2.7940000000001,2.03199999999993,0,0
255,"KepuniGulchRainGage","USGS","USGS","MA",225.552,20.6195,-156.2518889,NA,"KPNH1","F000D4EA",NA,NA,0,2.286,4.318,1.77800000000001,0,0,0,0.253999999999991,0,0,0,0,0,0,0,0,2.286,0.254,0,0,1.778,0.507999999999999,0,0,0,0,1.778,8.382,0,0
267.8,"KULA 1","KULA 1","RAWS","MA",1998.5736,20.68305556,-156.3216667,NA,"KLFH1","AA10F12E",NA,NA,0,NA,NA,0,0,0,0,0,0,0,0,0,0,0,2.032,0.508000000000003,0,0,0,0,0,0,0.761999999999993,0.761999999999993,0.254000000000005,0.253999999999998,0.762000000000008,1.524,0.761999999999993,0.508000000000003
302,"MAALAEA BAY","NWS","STATE","MA",302,20.7903,-156.514,NA,"P36","15DF05C6",NA,NA,0,NA,0,0,0,0,0,0,0,0.507999999999981,0,2.286,0.253999999999962,0,0.254000000000019,0,NA,NA,0,0,0,NA,0,7.11200000000002,0,0.507999999999981,0.761999999999944,1.77800000000002,0,0
311.2,"Kealia Pond NWR","Kealia Pond NWR","RAWS","MA",3.6576,20.7975,-156.4772222,NA,"KPDH1","32B2C438",NA,NA,0,NA,0,0,0,0,0,0,0,NA,0.254000000000001,2.28599999999999,0,0,0,0,0,0,0,0,0,NA,0,1.778,0,NA,1.016,2.794,0,0
311.5,"Kihei 2","NWS","HydroNet-UaNet","MA",54.5592,20.7061005,-156.437,NA,"KHIH1","93202508",NA,NA,0,0,0,0,0,0,0,0,0,0,0,0,0,0,0,0,0,0,0,0,0,0,0,0,0,0,1.52399999999989,2.28600000000006,0,0
324.7,"Kula Branch Stn","NWS","HydroNet-UaNet","MA",944.88,20.7577991,-156.3217,"USC00515000","KBSH1","93220610",NA,NA,NA,0,18.288,0,NA,0,0,0,NA,0,0,0,0,0,0,0,0,2.03200000000015,0,0,0,0,0,5.33399999999983,0,0,3.30200000000013,2.79399999999987,0,0
329,"LOWER KAHUKU CS","BD OF A&F","STATE","MA",1149,20.80179746,-156.2805211,NA,"LKHH1",NA,NA,NA,0,NA,0.2540283203125,12.446,0,1.016,1.016,2.032,0,NA,1.27,10.16,8.636,3.556,1.778,0.254,NA,0.254,NA,NA,NA,5.842,16.256,0.5079345703125,NA,0.254,2.032,0.254,NA,4.318
348.5,"WestWailuaikiRainGagenrKeanae","USGS","USGS","MA",472.44,20.81436111,-156.1429722,NA,"WWKH1","DD5E710A",NA,NA,33.0200000000002,5.84199999999987,43.434,15.4940000000001,0.253999999999905,3.80999999999995,5.8420000000001,31.75,4.31799999999998,5.58799999999997,3.30199999999991,5.08000000000015,17.5259999999998,19.3040000000001,49.7377343061592,22.098,20.828,7.87400000000002,18.288,13.2080000000001,7.11200000000008,23.6219999999998,10.1600000000001,NA,5.33400000000006,5.58799999999997,2.53999999999996,8.33157490889003,0.253999999999678,0
353,"Hana AP","NWS","HydroNet-UaNet","MA",19,20.7946,-156.0157,"USC00511125","HNAH1","B150314C",NA,NA,0.253999999999905,3.30200000000059,6.60400000000027,7.36599999999999,NA,NA,NA,3.04799999999977,0.253999999999905,2.53999999999996,3.04799999999977,7.61999999999989,6.09600000000046,8.89000000000033,8.38199999999961,NA,17.5259999999998,0.507999999999811,2.28600000000006,1.27000000000044,2.03200000000015,10.6679999999997,1.77800000000025,14.9859999999999,NA,18.7959999999994,2.54000000000087,NA,3.8100000000004,NA
361.1,"Lahainaluna","NWS","HydroNet-UaNet","MA",238.0488,20.8909,-156.6556,NA,"LAHH1","81700366",NA,NA,0,0,0,0,0,0,0,0,0,0,0,NA,1.01599999999985,0,NA,0,0,0,0,0,0,0,0,3.30200000000013,0,0,0,4.31799999999976,0,0
380,"PuuKukuiRainGageatalt","BALDWIN PKRS","USGS","MA",1759,20.89083333,-156.6008333,"USC00514887","PKKH1","DD73556E",NA,NA,8.38199999999961,4.57200000000012,5.07999999999993,0,0.253999999998996,0.762000000000626,1.27000000000044,11.1760000000013,0.507999999997992,2.03200000000106,3.04799999999886,20.3200000000015,34.2899999999991,15.2399999999998,50.0380000000005,1.77800000000025,5.33399999999892,3.80999999999949,23.1140000000014,27.6859999999997,19.8119999999999,3.80999999999949,7.6200000000008,NA,3.30199999999968,3.04800000000068,1.29339837075608,16.0219362778971,2.13208187181249,0
386.6,"Wailuku","NWS","HydroNet-UaNet","MA",146.9136,20.8831005,-156.5124,NA,"WUKH1","9321D776",NA,NA,0,0,0,0,0,0,0,0,0,0.508000000000266,0.253999999999451,5.58800000000019,8.63599999999997,2.0319999999997,15.2400000000007,0.253999999999451,NA,0,1.01600000000008,0,1.01600000000053,0,0,26.6699999999996,0,14.732,4.82600000000002,4.57200000000012,0.761999999999261,0
387.6,"Maui HI US AR427-AH6GR ","unknown","APRSWXNET","MA",233.76,20.875,-156.516,NA,"AR427",NA,NA,NA,0,0,NA,0,0,0,0,NA,NA,0.76199996471405,NA,6.8580002784729,9.14400005340576,3.81000047922134,NA,NA,NA,0,NA,NA,NA,0,NA,15.4940004348755,NA,13.9700002670288,7.61999869346619,4.82599925994873,NA,0.254000067710876
390.4,"Waikapu Country Club","NWS","HydroNet-UaNet","MA",145.9992,20.8346996,-156.5135,NA,"WCCH1","9320E016",NA,NA,NA,NA,0,NA,NA,NA,NA,0,0,0,0,4.82600000000002,0.761999999999944,2.28600000000006,7.11200000000008,0,11.9379999999999,NA,0,0.254000000000133,0,NA,0,35.8140000000001,0,3.80999999999949,1.77800000000025,3.04800000000023,1.01599999999962,0
398,"KAHULUI AIRPORT","NOAA-NWS","NWS","MA",12,20.8887,-156.436,"USW00022516","PHOG",NA,NA,NA,NA,NA,NA,NA,NA,NA,NA,0,0,0.254,0,3.302,1.27,2.794,7.874,0,0,NA,0.508,0,0.762,NA,0,6.85799998044968,0.254,1.27,1.27,3.048,0,NA
426.6,"Pukalani","NWS","HydroNet-UaNet","MA",495.9096,20.8355007,-156.3307,NA,"PUKH1","15D2B52E",NA,NA,NA,NA,10.1600000000001,0,NA,0,0,0,NA,1.26999999999998,0,3.30199999999991,NA,0,0.253999999999905,0,NA,NA,0.254000000000133,6.60400000000004,3.80999999999995,NA,NA,30.9880000000001,0.761999999999944,NA,1.01600000000008,2.79399999999987,NA,0
432.4,"Makawao AP834-KH6HHG","unknown","APRSWXNET","MA",473.95,20.855,-156.315,NA,"AP834",NA,NA,NA,0,0,NA,NA,0,0,NA,2.03200006484985,0,3.55599999427795,0.508000135421753,5.5880001783371,0.508000135421753,1.5239999294281,3.80999958515167,NA,NA,0,7.62000036239624,6.09600019454956,14.4780015945435,2.79399967193604,0.253999948501587,NA,1.52399921417236,0.254000067710876,1.5239999294281,5.07999968528748,0,0
465.1,"Mahinahina","NWS","HydroNet-UaNet","MA",223.1136,20.9552002,-156.6562,NA,"MABH1","190524C8",NA,NA,1.016,0,NA,0,0,0,0.254,0.508,0,0,0,6.604,7.366,2.54,12.7,0,1.778,1.016,3.556,4.318,8.89,0.508,0,NA,0,4.064,NA,5.08,0,0
482.5,"Kahakuloa","Kahakuloa","HydroNet-UaNet","MA",335.28,20.9540997,-156.5342,NA,"KHKH1","781001B6",NA,NA,11.4300000000001,0.253999999999962,0,0,0,0,0,0.254000000000019,0,0,0.761999999999944,7.36600000000004,17.0179999999999,1.01600000000008,10.414,5.08000000000004,12.4459999999999,0,1.2700000000001,3.55600000000004,6.34999999999991,1.2700000000001,NA,NA,0,25.908,20.0659999999999,10.922,4.06399999999996,0.508000000000038
489,"Haiku","NWS","HydroNet-UaNet","MA",99.3648,20.9288998,-156.3225,"USC00510822","AIKH1","50A30568",NA,NA,0.254000000000133,0.762000000000171,2.79399999999987,0,0,0,2.28599999999983,3.81000000000017,0,1.01600000000008,0,3.04799999999977,13.462,7.36600000000021,20.5740000000001,30.9879999999998,25.6539999999998,1.26999999999998,3.55600000000004,2.03200000000038,15.2399999999998,9.39800000000014,1.77799999999979,12.4459999999999,1.77800000000025,14.2239999999999,5.58799999999997,14.2240000000002,0,0
499.6,"KAHOOLAWE 499.6","COOP","COOP","KO",366,20.55694,-156.575,"USC00512558","KRTH1","15DEF7B8",NA,NA,0,0,0,0,0,0,0,0,3.04799999999997,2.53999999999999,1.27000000000001,0,0,16.256,31.75,2.286,0,0,10.414,0,0,8.12799999999999,0,3.81,NA,3.55599999999998,0.762,21.0820000000001,37.846,1.52399999999994
499.9,"KANELOA","RAWS","RAWS","KO",248.412,20.52222222,-156.5658333,"USR0000HKAN","KAOH1","32793370",NA,NA,0.254000000000001,0.762,0,0,0,0,0,0,0,0,0,0,0,0.254000000000001,1.27,0,0,0,0,0,0,0.254000000000001,0.254000000000001,0,0,0,0.507999999999999,1.016,0,0
524,"MOLOKAI KAUNAKAKAI MOLOKAI AIRPORT","ALOHA AIRLINES","NWS","MO",141,21.15514996,-157.0924625,"USW00022534","PHMK",NA,NA,NA,0,0,NA,0,0,0,0,0,0,0,1.016,1.778,0,2.286,0.254,0,0,0,0,4.318,0.508,0.508,0,2.28600007295609,0.762,2.286,0,4.064,0,0
536.5,"Kaunakakai Mauka","MOLOKAI GEN HOSP","HydroNet-UaNet","MO",28.3464,21.0946007,-157.0174,NA,"KACH1","50A0F2E2",NA,NA,0,0,0,0,0,0,0,0,0,0,0,0.762000000000004,0,0,0,0,0,0,0,0,0,0,0,1.27,0,0.254000000000001,0,5.842,0,0
538,"MOLOKAI 1","RAWS","RAWS","MO",833.0184,21.115,-156.9475,"USR0000HMLK","MLKH1","487016AC",NA,NA,0,0,0,0,0,0,0,0,0,0,0.507999999999981,18.034,5.334,0,3.55600000000004,0,0,0,0.507999999999981,4.06399999999996,1.26999999999998,0.508000000000038,0.507999999999981,44.958,4.57199999999995,2.79400000000004,0,9.39800000000002,0,0
541.2,"Puu ALII WEST","Puu ALII WEST","RAWS","MO",1159.764,21.14083333,-156.9022222,NA,"PAFH1","32D6062E",NA,NA,1.01599999999985,2.54000000000019,0.253999999999678,11.6840000000002,0,0.253999999999905,1.01600000000008,4.31799999999998,1.52400000000011,0.253999999999678,0.762000000000171,43.4340000000002,22.8599999999997,3.04800000000023,32.5119999999999,0.761999999999944,2.7940000000001,7.11200000000008,7.61999999999989,15.2399999999998,10.1600000000001,8.12800000000038,7.11199999999963,NA,7.61999999999989,25.4000000000001,0,10.1600000000003,2.53999999999996,0
542.11,"Kamalo","NWS","HydroNet-UaNet","MO",8.8392,21.052,-156.871,"USC00513045","KMLH1",NA,NA,NA,0,4.064,NA,2.032,1.27,0.762,1.016,3.556,3.302,0,0,0.762,3.302,1.27,2.286,0,NA,12.954,11.43,18.034,3.302,11.938,0.762,NA,0,NA,0,8.636,0.508,1.016
553,"MAKAPULAPAI","RAWS","RAWS","MO",22.86,21.20333333,-156.9661111,"USR0000HMAK","MKPH1","FA9024CE",NA,NA,0,1.26999999999998,0,0,0,0,0,0.254000000000019,0.507999999999981,0.508000000000038,0.253999999999991,5.84199999999998,6.60399999999998,4.31800000000001,2.79400000000001,1.01599999999999,10.16,0.50800000000001,1.01600000000002,2.03199999999998,2.53999999999999,0,2.286,4.572,1.524,18.288,1.27000000000004,5.334,0,0.254000000000019
656,"LANAI AIRPORT 656","HAWN AIRLINES","NWS","LA",396.2,20.7882389,-156.946639,"USC00515275","PHNY",NA,NA,NA,0,0,NA,0,0,0,0,0,0,0,0,0,0,0,0,0,0,0,0,0,0,0,0,0,0,0.254,0.254,7.112,0,0
672.1,"Lanai City","NWS","HydroNet-UaNet","LA",498.0432,20.8262997,-156.9182,"USC00515286","LANH1",NA,NA,NA,0,0.254,NA,0,0,0,0,0,0,0,0,4.064,3.048,0,8.382,0,0.254,0,0,0,0,0.254,NA,NA,0,10.668,1.27,10.668,0,0
679,"LANAI 1","RAWS","RAWS","LA",387.096,20.87333333,-157.0063889,"USR0000HLAN","LNIH1","48702336",NA,NA,0,1.01599999999996,0,0,0,0,0,0,0,0,0,2.03200000000001,0.253999999999991,0,2.79400000000001,0,0.254000000000019,0,0.507999999999981,0,0,0,0,0,0,1.524,0,8.63600000000002,0,0
702.7,"Kapolei-Kalaeloa AP","NWS","NWS","OA",15,21.31667,-158.06667,"USW00022551","PHJR",NA,NA,NA,0,0,0,0.508,0.254,0,0,0,0.254,0,0,0.254,0,0,0,0,0,0,0,0,0,0,0,0,0,0,0,1.016,0,0
702.8,"PTWC","NWS","HydroNet-UaNet","OA",1.524,21.3150005,-157.9992,NA,"PTWH1",NA,NA,NA,0,0,0,0,0,0,0,0,0.254,0,0,0,0,0,0,0,0,0.762,0,0,0.254,0,0,0.131415989978344,0,0,0,1.27,0,0
703,"HONOLULU INTERNATIONAL AIRPORT","USWB","NWS","OA",2.1,21.324,-157.9294,"USW00022521","PHNL",NA,NA,NA,0,0.762,NA,0,0,0,0,0,0,0,0,0.254,0.254,0,0,0,0,1.016,0,0,0,0,0,0.254000008106232,0.254,0.254,0,0.254,0,0
721.4,"Palolo Fire Stn","NWS","HydroNet-UaNet","OA",59.436,21.2996006,-157.7944,"USC00517662","PFSH1","19014414",NA,NA,0.761999999999716,0.508000000000266,21.0819999999999,1.52399999999989,0,0,0.762000000000171,3.80999999999995,0.253999999999905,1.01599999999962,0.254000000000815,5.58799999999974,13.2079999999996,1.27000000000044,2.79400000000032,0,0,5.07999999999947,7.36599999999999,0.761999999999716,0,0,0.508000000000266,16.2559999999999,0,1.52399999999989,0,0.508000000000266,0,0
721.5,"Honolulu HI US AU956-KH6CTR ","unknown","APRSWXNET","OA",111.96,21.298,-157.792,NA,"AU956",NA,NA,NA,0,NA,7.36599969863892,1.77799999713898,NA,NA,NA,NA,0.76199996471405,2.03199994564056,0,3.0479998588562,7.36599850654602,1.26999998092651,2.28600001335144,0,0,1.77799999713898,NA,NA,NA,0,NA,NA,0,NA,0.254000008106232,0.76199996471405,0,0
723.8,"Niu Valley","NWS","HydroNet-UaNet","OA",19.812,21.2896996,-157.7332,"USC00516865","NIUH1","1900D38C",NA,NA,0,0,0,0.762000000000171,0,0,0,0.253999999999905,1.01600000000008,0.761999999999944,0,5.58799999999997,2.53999999999996,1.01600000000008,1.77800000000002,0,0,7.11200000000008,0.508000000000038,1.77800000000002,0,0,0,16.7639999999999,1.52400000000011,2.53999999999974,0,1.26999999999998,0,0
724.21,"Kamehame","NWS","HydroNet-UaNet","OA",242.316,21.3085995,-157.6791,NA,"KMHH1","190046EE",NA,NA,0,0,0,0,0,0,0,0,0.254000000000019,0.762,1.77799999999996,4.572,0,0.254000000000019,1.35808342069825,0,0.254,1.27,0,0,0,0,0,9.398,0,0.254000000000001,0,0.761999999999999,0.254,0
724.22,"Hawaii Kai Golf Course","NWS","HydroNet-UaNet","OA",8.8392,21.2991009,-157.6644,NA,"HAJH1",NA,NA,NA,0,0,NA,0,0,0,0,0,1.524,0.254,0.762,2.032,0,0.254,0,0,0,0.508,0.254,0.508,0.254,0,0,NA,0.254,1.778,0,NA,0,0
728.2,"PALEHUA","RAWS","RAWS","OA",722.376,21.385,-158.1041667,NA,"PLHH1","4870F55E",NA,NA,0,0,0,0.508000000000038,0,0.253999999999905,0,0,1.01600000000008,0,0,2.03199999999998,0.507999999999981,0.507999999999981,0.254000000000019,0,0,0.761999999999944,0,0,1.27000000000004,0,0,0.507999999999981,0,0.762000000000057,0,2.54000000000002,0,0
740.5,"Kunia","NWS","HydroNet-UaNet","OA",85.0392,21.3869991,-158.0358,NA,"KUNH1",NA,NA,NA,0,0,0.0763285164204508,0,0,0,0,0,1.016,0,0,1.16253891549054,1.34906081238798,1.27,0,0,0,0.679025838979115,0,0,0,0,0,0.172812665777783,0,1.016,0,2.286,0,0
742.4,"HONOULIULI PHB","FWS","RAWS","OA",1.524,21.35666667,-158.0205556,NA,"HOFH1","327BF39A",NA,NA,0,0,0,0,0,0,0,0,0.552207539984994,0,0,0.254000000000005,0.253999999999998,0.253999999999998,0.254000000000005,0,0,1.016,0,0.253999999999998,0,0,0,0,0,0,0,1.77800000000001,0,0
752.6,"WAIAWA PHB","FWS","RAWS","OA",1.524,21.38694444,-157.9811111,NA,"WWFH1","3274C092",NA,NA,0,0,0.254000000000019,0,0,0,0,0,1.26999999999987,0.254000000000133,0,1.01599999999996,3.048,2.03199999999993,0,0,0,1.77800000000002,0,0.326943734894851,0.254000000000019,0.254000000000019,0,0.254000000000019,0,0.254000000000019,0,2.28599999999994,0,0
772.3,"MoanaluaRGNo.1atalt1000","USGS","USGS","OA",304.8,21.39338889,-157.8401111,NA,"MOGH1","1689664A",NA,NA,0.254,11.176,10.0950344376896,11.938,0.508,2.286,2.54,6.604,5.588,6.096,1.016,11.684,0.508,2.032,0.762,0,6.35,18.796,1.524,7.874,1.80609798270641,2.04594839877465,6.35,21.8784779717611,0.762,3.81,0,1.016,0.254,0
772.5,"Moanalua Stream","USGS","HydroNet-UaNet","OA",72.2376,21.3736,-157.8801,"USC00516400","MOAH1","1900B66A",NA,NA,0,4.06400000000008,24.384,2.79399999999998,0.253999999999905,1.2700000000001,4.31799999999987,3.81000000000017,6.09599999999989,5.58799999999997,0,6.85799999999995,16.0020000000002,5.33399999999983,2.28600000000006,0,0,29.972,1.52400000000011,3.30199999999991,2.03200000000015,1.52399999999989,2.53999999999996,12.7,0,1.01599999999985,0,1.01600000000008,0.254000000000133,0
781.12,"Luluku","NWS","HydroNet-UaNet","OA",84.1248,21.3875008,-157.8099,NA,"LULH1",NA,NA,NA,1.016,8.89,NA,5.842,0,1.016,0.254,5.08,1.524,3.048,0,3.048,0.254,2.54,0.254,0,6.604,23.368,2.54,1.524,0.508,2.794,4.064,NA,0.254,3.302,0,0.762,0,0
781.21,"Kaneohe HI US G0987-GW0987 ","unknown","APRSWXNET","OA",0,21.408,-157.794,NA,"G0987",NA,NA,NA,0,0.76199996471405,NA,3.0479998588562,0,0.508000016212463,1.77799999713898,1.26999986171722,0.507999956607819,2.53999984264374,0,0.254000008106232,0.254000008106232,1.77800005674362,0,0,5.84200000762939,8.38199973106384,0,2.03200006484985,1.01599979400635,1.26999998092651,1.26999998092651,5.58799982070923,0,1.01600003242493,0,0.508000016212463,0,0
781.31,"Kaneohe HI US D9459-DW9459 ","unknown","APRSWXNET","OA",50,21.4,-157.806,NA,"D9459",NA,NA,NA,0,2.79399991035461,0,2.79399991035461,0,0.76199996471405,1.01600003242493,1.77799999713898,0.507999956607819,2.28600001335144,0,1.01600003242493,0,5.07999992370605,0,0,3.81000018119812,11.1759996414185,0,3.55599999427795,1.5239999294281,NA,NA,NA,NA,2.53999996185303,0,0.508000016212463,0.507999956607819,0
782.3,"Nuuanu Upper","NWS","HydroNet-UaNet","OA",248.412,21.3502007,-157.8184,"USC00516938","NUUH1","156097FE",NA,NA,0,15.748,11.9379999999999,24.1300000000001,0.761999999999944,1.26999999999998,4.82600000000002,6.85800000000017,1.52399999999989,6.34999999999991,0,9.14400000000001,1.77800000000002,4.57199999999989,0.762000000000171,0,1.77800000000002,32.7659999999998,7.87400000000002,2.54000000000019,1.01599999999985,0.508000000000038,0.508000000000038,25.9080000000001,0.507999999999811,5.08000000000015,0,1.52399999999989,0,0
785.11,"WAIHI STREAM NEAR HONOLULU 3NE","USGS","USGS","OA",108,21.3283,-157.801,NA,"WISH1","16EA459A",NA,NA,0,0,0,0,0,0,0,0,0,0,0,0,0,0,0,0,0,0,0,0,0,0,0,0,0,0,0,0,0,0
785.4,"Manoa Lyon Arbo","NWS","HydroNet-UaNet","OA",151.7904,21.3330002,-157.8024,"USC00516128","MNLH1",NA,NA,NA,0.254,33.782,15.542678613859,10.922,0.254,1.27,4.572,3.048,2.794,9.652,0.762,4.318,1.778,11.43,4.318,0.254,0.254,26.67,3.048,10.668,1.778,0.254,5.842,33.7309195449709,0,4.826,0,1.27,0,0
787.2,"Maunawili","NWS","HydroNet-UaNet","OA",127.1016,21.3509998,-157.7668,NA,"MAUH1","19007374",NA,NA,0,14.4779999999998,0,3.81000000000017,0.253999999999905,0.508000000000266,0.507999999999811,3.55600000000004,1.26999999999998,9.39800000000014,2.28599999999983,1.52400000000011,0.508000000000038,0.507999999999811,0.253999999999905,0.508000000000266,3.30199999999991,22.3519999999999,2.03199999999993,1.0160000000003,1.77800000000002,0,0.507999999999811,10.922,0,14.9860000000001,0,1.77800000000002,4.06399999999985,0
788.2,"St Stephens Seminary","NWS","HydroNet-UaNet","OA",142.9512,21.3666992,-157.7786,NA,"STVH1","19005598",NA,NA,0,13.9699999999998,1.52400000000011,4.57199999999989,0,0,1.01600000000008,0.761999999999944,0.762000000000171,9.39799999999991,0.761999999999944,1.52400000000011,0.253999999999905,3.30200000000013,0,0,1.77800000000002,22.098,2.03199999999993,0.508000000000038,0.253999999999905,0,1.52400000000011,4.82600000000002,0,9.14399999999978,0,1.27000000000021,0,0
790.11,"Olomana Fire Stn","NWS","HydroNet-UaNet","OA",45.1104,21.3777008,-157.7507,"USC00517052","OFSH1","19011468",NA,NA,0,3.30200000000002,0,0.254000000000019,0.253999999999962,0,0,0,1.26999999999998,7.87400000000002,0.254000000000019,0.507999999999981,0,1.01600000000002,0,0,8.63599999999997,9.14400000000001,3.048,0,0,0,0,3.81,0,3.81,0,1.77800000000002,0,0
793.2,"BELLOWS AFS AT WAIMANALO","NWS","STATE","OA",6.66,21.3667,-157.717,NA,"BELH1","B14036D2",NA,NA,0,2.54000000000008,0,0,0,0,0,0,0,0.508000000000038,0,0,0,0,0,0,0,2.79399999999998,1.01599999999996,0,0,0,0,0.254000000000019,0,0.253999999999905,0,0.762000000000057,0,0
795.3,"Waimanalo Nonokio","NWS","HydroNet-UaNet","OA",20.1168,21.3356991,-157.7116,NA,"WMLH1","224185AC",NA,NA,0,0.253999999999962,0,0,0,0,0,0,0,0,0,1.01600000000008,0,2.03199999999993,0,0,0.507999999999981,22.0980000000001,1.01599999999996,0,0,0,0,4.31800000000004,1.01599999999996,1.01599999999996,0,0.762000000000057,0.253999999999962,0.508000000000038
801.1,"Waianae Kawiwi","MT VIEW DAIRY","HydroNet-UaNet","OA",19.812,21.4566994,-158.18,NA,"WAIH1",NA,NA,NA,0,0,NA,0,0,0,0,0,0,0,0,0,0,0,0,0,0,0,0,0,0,0,0,NA,0,0,0,1.016,0,0
801.2,"WAIANAE BOAT HARBOR","NWS","STATE","OA",4.25,21.4503,-158.184,NA,"WBHH1","15D13434",NA,NA,0,1.77800000000116,0,0,0,0,0,0,0,0,0,NA,NA,NA,0,0,0,0,0,0,0,0,NA,NA,NA,NA,0,NA,NA,NA
803.2,"WAIANAE VALLEY","RAWS","RAWS","OA",291.6936,21.48055556,-158.1552778,"USR0000HWVA","WNVH1","487005DA",NA,NA,0,0,0,0,0,0,0,0.253999999999905,0.508000000000038,0,0,4.82600000000002,1.77800000000002,0,0,0,0,0,0,0,0.507999999999925,0,0.254000000000133,12.4459999999999,0.762000000000057,0,0,1.26999999999998,0,0
804,"Lualualei","US VY","HydroNet-UaNet","OA",35.9664,21.4211006,-158.1352,"USC00515647","LUAH1","8170406C",NA,NA,1.01599999999996,0,0,0,0,0,0.253999999999905,0.508000000000038,0,0,0,6.60400000000004,7.36599999999999,2.53999999999996,12.7,0,1.77800000000002,1.01599999999996,3.55600000000004,4.31799999999998,8.8900000000001,0.507999999999811,0,10.6680000000001,0,4.06399999999985,0,5.08000000000015,0,0
810.1,"WHEELER ARMY AIR FIELD 810.1","COOP","NWS","OA",255,21.48722,-158.02806,"USW00022508","WAFH1","B14101B2",NA,NA,0,0,1.26999999999998,0,0.762000000000171,0.253999999999905,0.508000000000266,1.01599999999962,2.53999999999996,0.508000000000266,0,1.26999999999998,1.26999999999998,1.01600000000053,0,0,5.84199999999964,2.53999999999996,0.253999999999451,2.03200000000061,1.26999999999998,0.253999999999905,1.52399999999989,4.57200000000012,0.253999999999905,0,0,0.253999999999905,0,0
820.6,"Mililani","NWS","HydroNet-UaNet","OA",226.7712,21.4638004,-157.9991,"USC00516261","MITH1",NA,NA,NA,0,0,7.76799893533371,0.254,0.508,0.254,0.762,0.508,0.508,0.762,0,1.27,2.794,0.762,0.254,0,0.762,1.524,0,1.016,0,0.508,0.508,9.75064533518576,0,0.762,0,0.508,0.071006442131532,0
824.2,"Waipio","NWS","HydroNet-UaNet","OA",124.968,21.4199009,-158.0058,NA,"PECH1",NA,NA,NA,0,1.016,0.0959866221365093,0,0,0,0,0.254,0.508,0,0,1.778,1.27,1.016,0,0,1.27,0,0,0.508,0.508,0.254,0.254,1.10513791901108,0,1.27,0,1.27,0,0
828,"SCHOFIELD EAST","RAWS","RAWS","OA",381,21.49944444,-157.9933333,"USR0000HSCH","SCEH1","325AB384",NA,NA,0,2.03199999999924,4.82600000000093,5.07999999999902,1.27000000000044,2.53999999999996,9.14399999999932,9.65200000000004,5.33400000000074,2.53999999999996,0,3.80999999999949,7.11200000000008,3.04800000000068,0.507999999999811,0,4.57199999999921,9.90600000000086,1.26999999999953,2.03200000000015,1.27000000000044,3.80999999999949,1.77800000000025,23.8760000000002,3.55599999999959,2.28600000000006,0,0.507999999999811,0,0
834.13,"Waiawa CF","NWS","HydroNet-UaNet","OA",235.6104,21.4440994,-157.9669,"USC00519257","WAWH1",NA,NA,NA,0,3.302,22.6011715600331,3.81,1.016,3.556,6.096,4.572,1.778,0.762,0,6.604,10.16,8.128,0,0,1.778,0.508,3.81,11.176,3.556,2.286,3.556,20.6682907573605,1.016,4.826,0,2.286,0.101493579062863,0
834.14,"Pearl City HI US F9678-FW9678 ","unknown","APRSWXNET","OA",182.69,21.423,-157.952,NA,"F9678",NA,NA,NA,0,3.55599999427795,6.34999990463257,1.77799999713898,0,NA,3.30199998617172,1.5239999294281,3.30199980735779,1.26999998092651,0,5.33399963378906,13.7160005569458,6.60399961471558,1.26999998092651,0,3.30199980735779,4.57200002670288,0.508000016212463,5.58799982070923,1.26999998092651,0.76199996471405,1.77799999713898,4.57200002670288,0,1.5239999294281,0,2.03200006484985,NA,0
835.2,"Palisades","NWS","HydroNet-UaNet","OA",261.8232,21.4298,-157.9452,NA,"PACH1",NA,NA,NA,0,2.67184481235181,13.0688065849498,2.286,1.016,2.54,3.302,3.22481162444472,3.81,1.016,0,6.35,12.446,8.89,2.794,0,7.62,3.81,1.27,7.112,0.762,1.27,3.048,16.3059879848399,0,1.778,0,1.778,0.0995297227397962,0
837.12,"WAIAHOLE STREAM NEAR KAHALUU 2N","USGS","USGS","OA",4,21.48194,-157.8458,NA,"WHSH1","162B784C",NA,NA,1.77799999999999,2.28600000000003,0.253999999999991,0.253999999999991,0.253999999999991,0,0.253999999999991,2.79400000000001,4.572,0.50800000000001,0.507999999999981,1.27000000000001,0,1.01600000000002,0,0,1.01599999999999,4.31800000000001,0.507999999999981,0.253999999999991,0.50800000000001,0.762,1.524,5.334,0,1.52399999999997,0,2.28600000000003,0.253999999999991,0
837.8,"Heeia NERR","NWS","unknown","OA",6.396949,21.43139,-157.81528,NA,"HRRH1","3B052656",NA,NA,1.016,0.508,NA,4.826,0,0,0,0.254,0.254,4.064,0,0.508,0.762,0,0,0,0.762,7.112,3.302,0.254,0,0.254,0,NA,0,1.524,0,1.016,NA,0
839.15,"Ahuimanu Loop ","NWS","HydroNet-UaNet","OA",74.0664,21.4319992,-157.8373,NA,"AHUH1","15CE7632",NA,NA,1.26999999999998,1.2700000000001,2.28599999999983,3.55600000000004,0,0.254000000000019,2.03200000000004,1.26999999999998,0.253999999999905,1.52400000000011,0.507999999999925,5.58800000000008,4.06399999999996,0,0,0,1.01599999999996,11.1760000000002,3.80999999999983,0.254000000000133,0.253999999999905,0.254000000000133,1.26999999999998,8.63599999999997,0.253999999999905,2.28600000000006,0,0.761999999999944,0.253999999999905,0
839.8,"Waihee Pump","USGS","HydroNet-UaNet","OA",64.3128,21.4463997,-157.8584,"USC00519286","WPPH1","195042AC",NA,NA,1.524,8.88999999999987,8.8900000000001,4.57199999999989,0,0.508000000000038,4.82600000000002,7.62000000000012,2.79399999999987,0.254000000000133,0.253999999999905,7.36599999999999,0.761999999999944,0.508000000000038,0.508000000000038,0,3.048,7.87400000000002,1.26999999999998,1.26999999999998,1.52400000000011,3.30199999999991,0.761999999999944,18.288,0,1.01600000000008,0.253999999999905,1.77800000000002,0,0.508000000000038
841.2,"KUAOKALA","S&PF","RAWS","OA",267.0048,21.57027778,-158.26,NA,"KKRH1","48710720",NA,NA,0,0,0,0,0,0,0,0,0,0,0,1.524,5.58800000000002,0,0,0,0,0.507999999999981,0,0,0,0,1.01600000000002,0,0,2.03199999999998,0,0.508000000000038,0,0
842.1,"MakahaRainGage","USGS","USGS","OA",286.097472,21.50158333,-158.1801667,NA,"MKHH1","DD1423F8",NA,NA,0,0.253999999999991,1.01600000000002,0,0,0,0,0,0.762,0,0,8.636,1.77799999999999,0.762000000000029,0,0,0,0,0.254,0,0,0,4.064,17.78,0.254000000000001,2.286,0,1.016,0,0
842.8,"MAKUA RANGE","RAWS","RAWS","OA",6.096,21.52861111,-158.2261111,"USR0000HMAR","MKRH1","3266B468",NA,NA,0,1.0159912109375,2.03200000000001,0,0,NA,NA,NA,NA,0,0,7.874,0.762,0.761999999999972,0,0,0,0,0,0,0,0,6.60400000000004,14.732,0.253999999999991,0.507999999999981,0,1.27000000000001,0,0
842.9,"MAKUA RIDGE","RAWS","RAWS","OA",533.4,21.54277778,-158.1988889,"USR0000HMRG","MKGH1","3266C2F8",NA,NA,0,0.253999999999991,0.50800000000001,0,0,0,0.253999999999991,0,0,0,0,0,0,0,0,0,0,0,0,0,0,0,0,0,0,0,0,0,0,0
843.7,"DILLIINGHAM","RAWS","RAWS","OA",31.0896,21.57194444,-158.1986111,NA,"DLGH1","3278D278",NA,NA,0,0.50800000000001,0.253999999999991,0,0,0,0,0,0,0.50800000000001,0,3.30199999999999,0.507999999999996,0.253999999999991,0,0,4.82600000000001,1.01600000000001,0,0,0,0,2.286,1.27,0,3.048,0,1.27,0,0
855.3,"Poamoho Exp Farm","NWS","HydroNet-UaNet","OA",220.0656,21.5382004,-158.0893,NA,"POAH1",NA,NA,NA,0,0,0.187570832140327,0,0,0,0,0.254,0.508,0,0,3.048,4.572,7.112,0,0,27.94,0,0,0,0,0,4.064,1.73794095556514,1.524,2.032,0,1.016,0,0
858,"SCHOFIELD BARRACKS","RAWS","RAWS","OA",298.704,21.495,-158.0819444,"USR0000HSCO","SCBH1","3266A71E",NA,NA,0,0,0,0,0,0,0,0,0.253999999999998,0,0,2.54000000000001,1.27,0.253999999999998,0,0,0,0,0,0,0.253999999999998,0,2.794,3.556,0,0.254000000000005,0,0.507999999999996,0,0
884.4,"PunaluuRainGageatalt","USGS","USGS","OA",73.152,21.55644444,-157.899,NA,"PNSH1","DD989652",NA,NA,0.253999999998996,0.762000000000626,1.01599999999962,30.4800000000005,0,1.26999999999953,4.82600000000002,13.2080000000005,4.57200000000012,1.01599999999962,0,2.53999999999996,0,1.52399999999943,0,0.253999999999905,18.0340000000006,10.9220000000005,3.55599999999959,1.26999999999953,2.03200000000106,3.30199999999968,12.445999999999,3.55600000000049,1.26999999999953,3.55600000000049,0,1.01599999999962,0.254000000000815,0
885.7,"OAHU FOREST NWR","RAWS","RAWS","OA",698.9,21.47747,-157.9369,NA,"OFRH1","8379F6FA",NA,NA,0.253999999999905,3.80999999999995,14.732,13.7160000000001,1.01600000000008,1.01600000000008,5.58799999999997,12.6999999999998,3.30199999999991,2.28600000000006,0,7.87400000000025,7.11199999999985,6.34999999999991,0,0,0.254000000000133,33.528,0.507999999999811,1.52400000000011,1.26999999999998,0.254000000000133,4.82599999999979,11.1759999999999,0.508000000000266,3.80999999999995,0,2.03199999999993,0,0
886.1,"Waikane - Hakipuu Mauka","KUALOA RANCH","HydroNet-UaNet","OA",14,21.5084922,-157.8555853,NA,"HAKH1","16C69380",NA,NA,NA,4.064,0.254,0.253999999999999,0,0,0.508000000000001,5.842,0,0,0.254000000000001,1.524,2.794,0.508000000000001,0.254000000000001,0.507999999999999,2.794,8.89,1.778,0,1.778,0.253999999999998,0.762,3.302,0,3.556,0.508000000000003,3.30199999999999,0,1.27
886.4,"KahanaRainGageatalt","USGS","USGS","OA",28.956,21.54041667,-157.8825556,NA,"KNRH1","17B972EE",NA,NA,0,5.08000000000001,2.79399999999998,6.34999999999999,0.50800000000001,0.507999999999981,3.30199999999999,13.462,3.81,0,0,2.03200000000001,0,1.524,0,1.26999999999998,13.97,9.14400000000001,4.06399999999999,0,0,1.77799999999999,8.12800000000001,2.53999999999999,1.524,1.52400000000003,0,0.507999999999981,0.253999999999991,0
886.8,"Hakipuu Mauka","RILEY W","HydroNet-UaNet","OA",8.5344,21.5067005,-157.8547,"USC00510920","PTRH1","16C69380",NA,NA,0,4.064,0.254,0.253999999999999,0,0,0.508000000000001,5.842,0,0,0.254000000000001,1.524,2.794,0.508000000000001,0.254000000000001,0.507999999999999,2.794,8.89,1.778,0,1.778,0.253999999999998,0.762,3.302,0,3.556,0.508000000000003,3.30199999999999,0,1.27
897.11,"KamananuiRainGageatalt","USGS","USGS","OA",219.456,21.62238889,-158.0143056,NA,"KMRH1","DD34C1E4",NA,NA,0.254,1.524,5.55417439184639,11.176,1.778,1.524,10.668,5.08,0.762,0,0.254,6.096,2.54,1.016,0.254,0,3.048,10.668,0.762,0.762,0.90786532109779,0.901635768475987,4.572,9.0469653907044,0.762,4.318,0,0.762,0.254,0.254
897.9,"PupukeaRdRainGageatalt","USGS","USGS","OA",353.568,21.59902778,-158.0169167,NA,"PPRH1","1713D512",NA,NA,0.762,4.318,15.8747359370052,4.826,2.032,2.286,9.398,6.858,4.318,0.762,0,6.096,7.874,2.794,0,0,1.524,14.224,2.286,1.524,1.84119890689745,2.07666930226835,4.826,13.7212256276407,0.762,9.144,0.254,0.762,0,0.254
903.4,"Laie HI US C5306-CW5306 ","unknown","APRSWXNET","OA",3.96,21.65,-157.929,NA,"C5306",NA,NA,NA,0,0.508000016212463,2.53999984264374,NA,0.254000008106232,0,2.28600001335144,1.01599979400635,1.5239999294281,0,0,5.07999992370605,0.253999710083009,NA,0,0,0.508000016212463,4.06400018930435,0.253999948501587,0,1.26999998092651,0,0,1.77799999713898,0,0.508000016212463,0,1.5239999294281,0,0
905.22,"Punaluu Pump","NWS","HydroNet-UaNet","OA",3.9624,21.5842991,-157.8916,NA,"PUNH1","19051152",NA,NA,0,1.26999999999998,0,6.34999999999991,0,0.508,3.302,1.524,0,5.334,0,0.254,0,3.302,NA,0.762,14.224,4.826,0,0.253999999999998,1.016,1.778,4.826,2.032,0.507999999999999,1.016,0,0.254000000000001,0,0
909,"KAHUKU TRAINING AREA","RAWS","RAWS","OA",181.6608,21.67916667,-157.9894444,"USR0000HKAH","KTAH1","325A861E",NA,NA,0,0,0.762000000000057,8.63599999999997,0.507999999999981,0.762000000000057,0,0,0.507999999999981,0,0,1.52399999999994,0,0,0,0,2.54000000000008,12.192,1.01599999999996,0,1.27000000000004,1.77799999999996,1.77800000000002,1.52399999999994,0.254000000000076,0.507999999999981,0,0.507999999999981,1.01599999999996,0
911.1,"KII","RAWS","RAWS","OA",1.524,21.68833333,-157.9525,"USR0000HKII","KFWH1","8375210E",NA,NA,0,0,0,8.12800000000004,0.507999999999981,0.253999999999962,0,0.254000000000019,0,0,0.254000000000019,1.77799999999996,1.52400000000006,0.253999999999962,0,0,1.77800000000002,4.82599999999996,0,0,0.254000000000019,1.01600000000002,4.06400000000002,2.03199999999998,0,0.507999999999981,0,0.254000000000019,0,0
912,"KAUHUKU 912","KUILIMA  GOLF","COOP","OA",4,21.695,-157.9811,"USC00512570","KAHH1","B1404042",NA,NA,0,1.01600000000008,0,8.38200000000006,1.26999999999998,0.253999999999905,0.507999999999811,0.762000000000171,0,0,0,2.54000000000042,0,2.2859999999996,0,0,1.01600000000008,6.60400000000027,0.507999999999811,0,0.762000000000171,1.26999999999953,1.52400000000034,1.01599999999962,0.508000000000266,0,0,0,0,0.253999999999905
926,"PORT ALLEN CAA AIRPORT","FAA","COOP","KA",9,21.89381249,-159.6010997,"USW0022526","PAKH1","B159A272",NA,NA,0,0,0,0,1.524,0,0.508,NA,0,0,0,0,0,0,0,0,0,0,0,0,0,0,0,0,0,0,0,5.588,0,0
940.3,"POIPU","NWS","STATE","KA",14.8,21.8828,-159.429,NA,"POIH1","B15997E8",NA,NA,NA,1.77800000000002,0,0,0,0,0.253999999999991,0.762,0,0,0.507999999999981,4.572,0.253999999999991,0,0,0,0,0.762000000000029,0,0,0,0,0,4.572,0,0,0,17.018,0,0
946,"WAIMEA HTS","RAWS","RAWS","KA",159.7152,21.96638889,-159.6638889,NA,"WHGH1","487090B8",NA,NA,0,0,0,0,0.507999999999981,0,0,0.508000000000038,0,0,0,0,0,0,0,0,0,0,0,0,0,0,0,0,0,0,0,5.58799999999997,0,0
946.1,"WAIMEA TANK AT WAIMEA","NWS","unknown","KA",70,21.964722,-159.666944,NA,"WMTH1","1900E616",NA,NA,NA,NA,NA,NA,0.507999999999811,NA,NA,0.254000000000133,NA,NA,NA,NA,NA,NA,NA,NA,NA,NA,NA,NA,NA,NA,NA,NA,NA,NA,NA,5.33400000000006,NA,NA
966.4,"Hanapepe","NWS","HydroNet-UaNet","KA",110.6424,21.9365005,-159.5866,NA,"HNPH1","156011EA",NA,NA,0,0,0.761999999999999,0,0.254,0,0,4.064,0,0,0,0,0.254000000000001,0,0,0,0,0,0,0,0,0,0,0,0,0,0,5.588,0.254000000000001,0
986.2,"Kalaheo","KUKUILONO GOLF COU","HydroNet-UaNet","KA",263.0424,21.9183006,-159.5265,NA,"KHEH1","1560740C",NA,NA,2.2859999999996,7.62000000000035,3.55599999999959,1.01600000000053,9.65199999999959,3.8100000000004,3.80999999999995,6.34999999999991,0.253999999999905,0,0,3.04800000000023,1.52399999999989,0,0,0,0,4.06399999999985,0,0,0,0,0,1.77799999999979,0,0,0,34.5440000000003,0.253999999999905,0
992.1,"Omao","NWS","HydroNet-UaNet","KA",99.9744,21.9071007,-159.4768,"USC00517116","OMAH1","195001A6",NA,NA,2.28600000000006,6.096,1.52399999999989,1.52399999999989,7.11200000000008,1.52399999999989,3.04799999999977,2.03200000000015,1.01600000000008,0,0.253999999999905,4.31800000000021,4.06399999999985,0.253999999999905,0,0,0,4.06399999999985,0,0.508000000000266,0,0,0,3.80999999999995,0,0,0,36.6035892538296,0,0
1020.1,"LIHUE WEATHER SERVICE OFFICE AIRPORT 1020.1","LIHUE WEATHER SERVICE OFFICE AIRPORT 1020.1","NWS","KA",45,21.98156999,-159.3422063,"USW00022536","PHLI",NA,NA,NA,0,1.27,1.70098512039648,0,0,0.254,0.508,0.762,0,0,0.508,8.89,0,0,0,0,0,4.318,2.286,1.016,0,0.508,0,2.03200000524521,0,0,0,9.906,0,0
1029,"MANA","RAWS","RAWS","KA",26.2128,22.02944444,-159.7622222,NA,"MNRH1","4870603C",NA,NA,0,0.762,0,0,0,0,0,0,0,0,0,0.254000000000019,0,0,0,0,0,3.55600000000004,0,0,0,0,0,0,0,0,0,13.208,0,0
1036,"PUU OPAE","RAWS","RAWS","KA",652.8816,22.04083333,-159.6958333,NA,"POPH1","4870734A",NA,NA,0,0,0.762,0,0,0,0,0.762,0,0,0,0,0,0,0,0,0,1.524,0,0,0,0,0,0,0,0,0,22.352,0,0
1042,"WaialaeRainGagenrWaimea","USGS","USGS","KA",1219.2,22.08972222,-159.5925,NA,"WLGH1","DDF7C28E",NA,NA,0.254000000000019,4.31799999999998,9.14399999999995,3.55600000000004,23.114,0,2.79399999999998,11.9380000000001,0.253999999999905,0,1.77800000000002,12.192,5.07999999999998,1.27000000000004,0,0.254000000000019,0,5.07999999999998,0.507999999999981,0.254000000000076,0.253999999999905,0,1.77800000000008,16.764,1.524,4.318,0,25.146,2.28599999999999,0.254000000000005
1047,"Mt.WaialealeRainGagenrLihue","USGS","USGS","KA",1569.72,22.07088889,-159.4979722,"USC00516565","WLLH1","DD5E818E",NA,NA,12.954,13.7159999999999,56.8960000000002,54.6347074981935,73.5467216321837,12.954,17.2719999999999,41.1480000000001,4.82600000000002,1.52400000000011,3.55599999999981,27.432,11.1759999999999,5.08000000000015,0.254000000000133,0.253999999999678,1.0160000000003,27.6859999999999,3.80999999999995,10.922,5.58799999999997,12.9539999999997,2.54000000000042,66.1920494689655,3.81000000000017,7.61999999999989,0,51.3079999999998,6.35000000000014,0
1051,"NWailuaDitchRainGagenrLihue","LIHUE PLANTATION","USGS","KA",338.328,22.0625,-159.4677222,"USC00516888","WLDH1","1732B3E0",NA,NA,11.9380000000001,5.07999999999993,29.7180000000001,26.4159999999999,35.5599999999999,4.82600000000014,8.63599999999985,37.8460000000001,1.52399999999989,2.53999999999996,1.52400000000011,7.36599999999999,3.80999999999995,1.26999999999998,0.254000000000133,0,6.60399999999981,8.38200000000004,1.778,7.112,4.318,0.507999999999999,2.794,32.004,0.253999999999998,2.032,1.77799999999999,31.496,10.414,0.254000000000005
1059,"Lihue Variety Stn","NWS","HydroNet-UaNet","KA",117.0432,22.0240002,-159.3868,NA,"LIHH1","1561501A",NA,NA,2.79399999999998,4.06399999999996,0,0,0,0.762000000000057,4.06399999999985,NA,0,0.507999999999925,0.508000000000038,5.84199999999998,0.508000000000038,2.54000000000008,0,0,0,8.88999999999976,0.508000000000152,0.253999999999905,0,0,0,24.638,0,1.01599999999996,0,23.3680000000001,0.254000000000133,0
1060,"Wailua UH Exp Stn","NWS","HydroNet-UaNet","KA",158.1912,22.0660992,-159.396,"USC00519475","WUHH1",NA,NA,NA,7.874,0,8.22823059671373,0.762,0,0.254,0.508,20.32,0,0,0,5.842,0.508,1.27,0,0,0.508,3.302,0.762,1.778,0.508,0.254,1.27,23.115588288808,0,1.524,0,19.9205031539235,2.50245803766032,0.254
1061.5,"Wailua UH Exp Stn","NWS","HydroNet-UaNet","KA",158,22.066,-159.3962,NA,"WUHH1","15C163D6",NA,NA,7.87399999999997,0,3.81,0.762,0,0.254000000000019,0.508000000000038,20.32,0,0,0,5.84199999999987,0.508000000000152,1.26999999999987,0,0,0.508000000000152,3.30199999999991,0.761999999999944,3.30200000000013,0.507999999999925,0.254000000000019,1.26999999999998,22.098,0,1.524,0,21.6265722693906,0.507999999999925,0.254000000000019
1063.3,"Kapaa HI US F0098-AH7L ","unknown","APRSWXNET","KA",122,22.071,-159.359,NA,"F0098",NA,NA,NA,0,0,1.01600003242493,1.01600003242493,0,0,0,12.1919994354248,0,0.508000016212463,0.253999948501587,5.58799982070923,1.01599979400635,3.30199956893921,0,0,0,3.30199980735779,0.762000322341919,2.03200006484985,0,NA,1.26999992132187,28.1939988136292,0,1.26999998092651,0,12.4460000991821,0.254000663757324,0.254000008106232
1065.3,"Kapaa HI US F9608-FW9608 ","unknown","APRSWXNET","KA",106.41,22.072,-159.376,NA,"F9608",NA,NA,NA,3.81000018119812,0.254000186920166,1.52399998903275,0,NA,0.254000008106232,0,19.3039989471436,0,0.76199996471405,0,6.8580002784729,0.507999420166016,1.77799999713898,0,0,0.254000008106232,2.53999990224838,1.26999986171722,4.31799983978271,0.508000135421753,0,0.762000024318695,23.1139994859695,0,1.5239999294281,0,14.7319993972778,0.253999710083008,0.254000008106232
1069,"PUU LUA","RAWS","RAWS","KA",1021.08,22.08916667,-159.6791667,NA,"PLRH1","487083CE",NA,NA,0,0,0,0,3.55599999999993,0,0,0,0,0,0,3.55599999999993,0.762000000000057,0,0,0,0,4.31799999999998,0,0,0,0,0,0.762000000000057,0,0.507999999999925,0,38.354,11.6840000000001,0.253999999999905
1074,"MAKAHA RIDGE","RAWS","RAWS","KA",544.9824,22.13055556,-159.7152778,"USR0000HMAH","MKAH1","3286026C",NA,NA,0,0,0,0,0,0,0,0,0,0,0,2.54000000000008,1.01599999999996,0,0,0,0,1.77800000000002,0,0,0,0,3.048,11.43,0,0.507999999999981,0,10.922,0.254000000000076,0
1076,"Kokee","NWS","HydroNet-UaNet","KA",1279.2456,22.1485996,-159.6448,NA,"KOKH1","1900E616",NA,NA,0,0,0,0,0.507999999999811,0,0,0.254000000000133,0,0,0,0,0,0,0,0,0,0,0,0,0,0,0,0,0,0,0,5.33400000000006,0,0
1082,"WaiakoaliRainGagenrWaimea","USGS","USGS","KA",1042.416,22.1245,-159.6220833,"519130","WKRH1","17B79574",NA,NA,0.254,0.762,3.28022738374891,0.508,0,0.254,1.016,2.032,0,0.508,2.286,16.256,8.128,2.54,0.254,0.254,0,23.368,0.254,0,0.120749197191631,0.0711162476767668,3.556,6.12644735940573,1.27,5.588,0,22.098,1.016,0.254
1083,"MoCrsgRainGagenrWaimea","USGS","USGS","KA",1042.416,22.11708333,-159.6009722,"USC00516433","MCRH1","D109224A",NA,NA,0.508,1.016,3.24727008027395,2.286,1.27,0.254,2.286,2.54,0.508,0.254,3.556,14.478,10.668,3.048,0.254,0,0,27.178,0.508,0.254,0.119535998388427,0.0704017241140726,5.334,10.0267294095666,1.778,5.588,0,18.288,2.032,0
1084,"KilohanaRainGafenrHanalei","USGS","USGS","KA",1219.2,22.15408333,-159.5946111,"USC00514610","KLOH1","DDCC972A",NA,NA,0.762000000000057,3.80999999999995,1.52400000000011,0.507999999999811,0.254000000000133,0.507999999999925,5.58799999999997,14.7320000000002,1.52399999999989,2.79399999999998,2.79399999999998,36.83,27.686,16.2559999999999,0.254000000000133,0.254000000000019,1.01599999999996,44.393850397675,1.77800000000002,1.26999999999998,0.253999999999905,0.508000000000038,6.09600000000023,24.1167320079029,5.33399999999983,9.65200000000004,0,13.2080000000001,0.761999999999944,0.254000000000133
1094.2,"Kapahi","NWS","HydroNet-UaNet","KA",158.496,22.1021004,-159.3856,"USC00513171","KPIH1","15608488",NA,NA,0.254000000000815,1.27000000000044,3.55600000000049,0.253999999997177,0.50800000000163,1.01599999999962,1.77799999999843,21.058373949051,1.52400000000125,0,0.254000000000815,5.33399999999892,3.55600000000049,2.03199999999924,0,0,0,8.38199999999779,2.03200000000288,1.2699999999968,0,0.254000000000815,1.27000000000044,39.8780000000006,0,0,0,29.7179999999971,0.508000000005268,0.253999999997177
1111.4,"Anahola","HAWN FRUIT PACKERS","HydroNet-UaNet","KA",75.2856,22.1373997,-159.312,NA,"ANHH1","1560029C",NA,NA,0,0.761999999999972,0,0.762000000000029,0,0,0.253999999999991,2.79400000000001,0.507999999999981,0.254000000000019,0,2.79399999999998,0.762,0.253999999999991,0,0,0,0,0,0.762,0,0,0,4.82599999999999,0,0,0,3.55600000000001,0,0
1115.1,"PH Wainiha","NWS","HydroNet-UaNet","KA",35.052,22.1959991,-159.5563,NA,"WNHH1",NA,NA,NA,1.016,1.27,NA,0.508,0,0,2.286,7.874,1.27,0.254,0,9.144,4.572,7.112,0,0,0.254,26.416,2.286,1.016,0.508,0.508,0,NA,0,1.27,0,2.286,0.254,0
1117.8,"Hanalei","NWS","HydroNet-UaNet","KA",4.8768,22.1982002,-159.4951,"USC00513386","HNIH1",NA,NA,NA,0.762,2.032,2.43854091408055,9.906,1.778,0,2.54,6.604,0.762,2.794,0.508,8.636,3.556,8.382,0,0,11.684,7.366,1.524,1.016,1.016,2.032,0,27.0376110736452,0.254,1.524,0,6.604,0.254,0
1117.9,"PRINCEVILLE AIRPORT NEAR KILAUEA 4W","NWS","STATE","KA",88.497,22.2114,-159.443,NA,"PRIH1","B15952F6",NA,NA,1.27,4.318,2.28602600097656,9.144,1.524,1.27,4.064,1.778,0,0.508,0.254,6.604,2.032,4.318,0,0,0,8.636,4.572,0.254,0.254,1.778,2.286,NA,0,0,0,7.366,0.254,0
1146,"Moloaa Dairy","RAWS","RAWS","KA",85.344,22.18333333,-159.3375,"USR0000HMOL","MLDH1","AAB6D15A",NA,NA,0,0,0,0,0,0,0,0,0,0,0,0,0,0,0,0,0,0,0,0,0,0.508,0,5.08,0,0,0,5.842,0,0
