"","input","filtered","denoisedF","denoisedR","merged","nonchim"
"EXT-NEG-1-SSU_S77_L001_R1_001.fastq.gz",33014,766,565,569,0,0
"EXT-NEG-10-SSU_S125_L001_R1_001.fastq.gz",29659,61,9,14,0,0
"EXT-NEG-11-SSU_S155_L001_R1_001.fastq.gz",25172,7121,6928,6931,0,0
"EXT-NEG-12-SSU_S189_L001_R1_001.fastq.gz",25709,4817,4654,4663,0,0
"EXT-NEG-13-SSU_S215_L001_R1_001.fastq.gz",63082,1681,1535,1576,0,0
"EXT-NEG-14-SSU_S319_L001_R1_001.fastq.gz",68756,509,411,431,0,0
"EXT-NEG-15-SSU_S337_L001_R1_001.fastq.gz",39979,1603,1487,1497,0,0
"EXT-NEG-16-SSU_S376_L001_R1_001.fastq.gz",329,45,10,16,0,0
"EXT-NEG-17-SSU_S425_L001_R1_001.fastq.gz",56919,122,4,18,0,0
"EXT-NEG-18-SSU_S413_L001_R1_001.fastq.gz",58673,1373,1275,1296,0,0
"EXT-NEG-2-SSU_S283_L001_R1_001.fastq.gz",29286,8672,8387,8394,0,0
"EXT-NEG-3-SSU_S28_L001_R1_001.fastq.gz",38580,210,155,168,151,151
"EXT-NEG-4-SSU_S52_L001_R1_001.fastq.gz",60404,128,5,1,0,0
"EXT-NEG-5-SSU_S80_L001_R1_001.fastq.gz",55528,3711,3458,3521,0,0
"EXT-NEG-6-SSU_S8_L001_R1_001.fastq.gz",24428,15831,15306,15425,437,437
"EXT-NEG-7-SSU_S254_L001_R1_001.fastq.gz",47902,101,5,26,0,0
"EXT-NEG-8-SSU_S104_L001_R1_001.fastq.gz",20693,759,564,595,0,0
"EXT-NEG-9-SSU_S175_L001_R1_001.fastq.gz",24722,40,1,4,0,0
"EXT-NEG-I1-SSU_S446_L001_R1_001.fastq.gz",48569,208,128,157,0,0
"EXT-NEG-I2-SSU_S466_L001_R1_001.fastq.gz",65557,111,9,28,0,0
"P1-PCR-NEG-SSU_S87_L001_R1_001.fastq.gz",80562,152,3,8,0,0
"P2-PCR-NEG-SSU_S179_L001_R1_001.fastq.gz",32890,1930,1830,1843,0,0
"P3-PCR-NEG-SSU_S270_L001_R1_001.fastq.gz",56663,298,157,192,0,0
"P4-PCR-NEG-SSU_S358_L001_R1_001.fastq.gz",89234,225,95,123,0,0
"P5-PCR-NEG-SSU_S431_L001_R1_001.fastq.gz",334,157,101,116,0,0
"P6-PCR-NEG-SSU_S468_L001_R1_001.fastq.gz",47401,75,1,1,0,0
"PCR-POS-SSU_S467_L001_R1_001.fastq.gz",37331,31396,30531,30538,0,0
"SAR-Blank-W02-R1-SSU_S7_L001_R1_001.fastq.gz",27906,22501,21537,21682,20,20
"SAR-Blank-Wpool-R1-SSU_S58_L001_R1_001.fastq.gz",34800,6380,6003,6009,0,0
"SAR-Blank-WPool-R2-SSU_S94_L001_R1_001.fastq.gz",37048,9275,8989,9015,4,4
"SAR-Blank2-W02-R3-SSU_S303_L001_R1_001.fastq.gz",61944,6807,6432,6457,0,0
"SAR-Blank2-Wpool-R1-SSU_S172_L001_R1_001.fastq.gz",5253,1467,1358,1370,9,9
"SAR-Blank2-Wpool-R2-SSU_S83_L001_R1_001.fastq.gz",19375,319,40,49,0,0
"SAR-Blank3-W02-R3-SSU_S81_L001_R1_001.fastq.gz",41506,10497,10110,10124,0,0
"SAR-Blank3-Wpool-R1-SSU_S292_L001_R1_001.fastq.gz",37644,10254,9989,10000,0,0
"SAR-Blank3-Wpool-R2-SSU_S216_L001_R1_001.fastq.gz",39556,19837,19170,19209,0,0
"SAR-Blank4-W02-R3-SSU_S196_L001_R1_001.fastq.gz",37847,2320,2191,2205,0,0
"SAR-Blank4-Wpool-R1-SSU_S297_L001_R1_001.fastq.gz",52212,5073,4833,4867,0,0
"SAR-Blank4-Wpool-R2-SSU_S238_L001_R1_001.fastq.gz",57037,5144,4923,4939,0,0
"SAR-Blank5-W02-R3-SSU_S406_L001_R1_001.fastq.gz",62808,177,32,72,0,0
"SAR-Blank5-Wpool-R-SSU_S268_L001_R1_001.fastq.gz",34413,16489,15975,15919,0,0
"SAR-Blank5-Wpool-R2-SSU_S299_L001_R1_001.fastq.gz",45721,8588,8274,8312,242,242
"SAR-Blank6-W02-R3-SSU_S273_L001_R1_001.fastq.gz",27067,10515,10260,10261,0,0
"SAR-Blank6-Wpool-R-SSU_S157_L001_R1_001.fastq.gz",18407,8071,7884,7893,0,0
"SAR-Blank6-Wpool-R2-SSU_S122_L001_R1_001.fastq.gz",31969,76,8,19,0,0
"SAR-BR-1-I-R1-SSU_S432_L001_R1_001.fastq.gz",50628,39783,38824,38801,56,56
"SAR-BR-10-I-R1-SSU_S440_L001_R1_001.fastq.gz",30387,18182,17495,17547,53,53
"SAR-BR-11-I-R1-SSU_S441_L001_R1_001.fastq.gz",34510,26348,25590,25693,517,517
"SAR-BR-12-I-R1-SSU_S442_L001_R1_001.fastq.gz",38948,30973,30442,30454,0,0
"SAR-BR-13-I-R1-SSU_S443_L001_R1_001.fastq.gz",30632,19738,19246,19254,15,15
"SAR-BR-13-I-R2-SSU_S444_L001_R1_001.fastq.gz",28829,22201,21733,21733,591,591
"SAR-BR-14-I-R1-SSU_S445_L001_R1_001.fastq.gz",49154,35594,34947,34916,63,63
"SAR-BR-14-I-R2-SSU_S448_L001_R1_001.fastq.gz",33643,22055,21403,21480,7,7
"SAR-BR-15-I-R3-SSU_S447_L001_R1_001.fastq.gz",19572,10484,10214,10161,12,12
"SAR-BR-16-I-R1-SSU_S449_L001_R1_001.fastq.gz",33165,16852,16301,16318,26,26
"SAR-BR-17-I-R1-SSU_S450_L001_R1_001.fastq.gz",31181,24368,23814,23824,22,22
"SAR-BR-18-I-R1-SSU_S451_L001_R1_001.fastq.gz",28330,21093,20430,20459,55,55
"SAR-BR-19-I-R1-SSU_S452_L001_R1_001.fastq.gz",23222,16251,15993,15998,7,7
"SAR-BR-2-I-R1-SSU_S433_L001_R1_001.fastq.gz",37013,27309,26749,26734,300,300
"SAR-BR-20-I-R1-SSU_S453_L001_R1_001.fastq.gz",27670,13601,13209,13256,11,11
"SAR-BR-21-I-R1-SSU_S454_L001_R1_001.fastq.gz",31836,21443,20751,20815,172,172
"SAR-BR-22-I-R1-SSU_S455_L001_R1_001.fastq.gz",31419,24188,23647,23682,22,22
"SAR-BR-23-I-R1-SSU_S456_L001_R1_001.fastq.gz",37699,30644,29999,30028,5,5
"SAR-BR-24-I-R1-SSU_S457_L001_R1_001.fastq.gz",35705,28867,28066,28256,10,10
"SAR-BR-25-I-R1-SSU_S458_L001_R1_001.fastq.gz",36967,28895,28330,28336,48,48
"SAR-BR-26-I-R1-SSU_S459_L001_R1_001.fastq.gz",37025,24781,24112,24187,131,131
"SAR-BR-27-I-R1-SSU_S460_L001_R1_001.fastq.gz",30870,20657,20099,20101,66,66
"SAR-BR-28-I-R1-SSU_S461_L001_R1_001.fastq.gz",35874,12720,12341,12356,0,0
"SAR-BR-29-I-R1-SSU_S462_L001_R1_001.fastq.gz",27669,15415,15028,15037,11,11
"SAR-BR-3-I-R1-SSU_S434_L001_R1_001.fastq.gz",32861,26629,26104,26100,0,0
"SAR-BR-31-I-R1-SSU_S463_L001_R1_001.fastq.gz",32664,16871,16337,16337,821,821
"SAR-BR-32-I-R1-SSU_S464_L001_R1_001.fastq.gz",32189,20570,19941,20036,208,208
"SAR-BR-33-I-R1-SSU_S465_L001_R1_001.fastq.gz",39543,24204,23239,23252,68,68
"SAR-BR-4-I-R1-SSU_S435_L001_R1_001.fastq.gz",29013,21713,20805,20847,316,316
"SAR-BR-5-I-R1-SSU_S436_L001_R1_001.fastq.gz",38475,27796,27069,27057,1129,1129
"SAR-BR-6-I-R1-SSU_S437_L001_R1_001.fastq.gz",32310,18246,17402,17456,41,41
"SAR-BR-7-I-R1-SSU_S438_L001_R1_001.fastq.gz",25901,19103,18524,18538,15,14
"SAR-BR-9-I-R1-SSU_S439_L001_R1_001.fastq.gz",30674,23140,22635,22642,12,12
"SAR-BR1-D-R1-SSU_S221_L001_R1_001.fastq.gz",32601,27393,26072,26389,28,28
"SAR-BR1-D-R2-SSU_S321_L001_R1_001.fastq.gz",26968,22674,21691,21945,9,9
"SAR-BR1-W02-R1-SSU_S311_L001_R1_001.fastq.gz",42751,34559,33278,33504,501,501
"SAR-BR1-WPool-R1-SSU_S182_L001_R1_001.fastq.gz",35497,28874,27367,27543,455,455
"SAR-BR1-Wpool-R14-SSU_S78_L001_R1_001.fastq.gz",26133,21366,20191,20379,891,891
"SAR-BR1-Wpool-R2-SSU_S54_L001_R1_001.fastq.gz",28922,23190,22430,22574,84,84
"SAR-BR10-D-R1-SSU_S152_L001_R1_001.fastq.gz",19690,16762,15757,15993,4,4
"SAR-BR10-D-R10-SSU_S382_L001_R1_001.fastq.gz",29956,25224,24200,24489,2,2
"SAR-BR10-D-R4-SSU_S284_L001_R1_001.fastq.gz",45958,39265,37109,37771,2,2
"SAR-BR10-D-R5-SSU_S400_L001_R1_001.fastq.gz",57131,48943,46651,47441,8,8
"SAR-BR10-D-R6-SSU_S147_L001_R1_001.fastq.gz",22981,19930,18715,19055,6,6
"SAR-BR10-D-R7-SSU_S239_L001_R1_001.fastq.gz",29305,25185,23721,24035,3,3
"SAR-BR10-D-R8-SSU_S190_L001_R1_001.fastq.gz",40805,34586,33125,33610,8,8
"SAR-BR10-D-R9-SSU_S261_L001_R1_001.fastq.gz",23431,19897,18678,19127,2,2
"SAR-BR10-W02-R2-SSU_S368_L001_R1_001.fastq.gz",23381,14251,13668,13650,151,151
"SAR-BR10-W02-R3-SSU_S264_L001_R1_001.fastq.gz",59445,42833,41271,41370,628,628
"SAR-BR10-WPool-R1-SSU_S424_L001_R1_001.fastq.gz",19527,14454,13729,13726,55,55
"SAR-BR10-Wpool-R2-SSU_S37_L001_R1_001.fastq.gz",36239,28988,27638,27838,221,221
"SAR-BR10-WPool-R3-SSU_S233_L001_R1_001.fastq.gz",17406,13596,12872,12956,35,35
"SAR-BR11-D-R1-SSU_S310_L001_R1_001.fastq.gz",19348,15935,15218,15527,0,0
"SAR-BR11-D-R2-SSU_S247_L001_R1_001.fastq.gz",29097,25280,24325,24462,2,2
"SAR-BR11-D-R3-SSU_S141_L001_R1_001.fastq.gz",26113,22101,20955,21240,0,0
"SAR-BR11-D-R4-SSU_S214_L001_R1_001.fastq.gz",38965,33788,32597,32926,4,4
"SAR-BR11-D-R5-SSU_S192_L001_R1_001.fastq.gz",28024,24159,23122,23346,0,0
"SAR-BR11-D-R6-SSU_S144_L001_R1_001.fastq.gz",25515,21820,20688,20968,0,0
"SAR-BR11-D-R7-SSU_S148_L001_R1_001.fastq.gz",21686,18486,17470,17732,0,0
"SAR-BR11-W02-R1-SSU_S336_L001_R1_001.fastq.gz",24435,19841,18919,19103,71,71
"SAR-BR11-WPool-R1-SSU_S416_L001_R1_001.fastq.gz",37899,31245,30000,30203,19,19
"SAR-BR11-WPool-R2-SSU_S381_L001_R1_001.fastq.gz",28702,21457,20758,20853,11,11
"SAR-BR12-D-R1-SSU_S318_L001_R1_001.fastq.gz",23991,20151,19324,19563,5,5
"SAR-BR12-D-R2-SSU_S401_L001_R1_001.fastq.gz",39491,33162,31783,32076,2,2
"SAR-BR12-D-R3-SSU_S342_L001_R1_001.fastq.gz",20025,17112,16503,16585,4,4
"SAR-BR12-D-R4-SSU_S257_L001_R1_001.fastq.gz",25008,21136,20257,20400,4,4
"SAR-BR12-D-R5-SSU_S275_L001_R1_001.fastq.gz",47360,40868,39217,39584,2,2
"SAR-BR12-D-R6-SSU_S265_L001_R1_001.fastq.gz",13233,10591,10245,10343,0,0
"SAR-BR12-D-R7-SSU_S393_L001_R1_001.fastq.gz",32473,27313,26343,26473,5,5
"SAR-BR12-D-R8-SSU_S380_L001_R1_001.fastq.gz",32550,27145,26218,26298,6,6
"SAR-BR12-D-R9-SSU_S166_L001_R1_001.fastq.gz",25738,21530,20742,20892,0,0
"SAR-BR12-W02-R1-SSU_S106_L001_R1_001.fastq.gz",35333,26694,25993,26042,497,497
"SAR-BR12-WPool-R1-SSU_S231_L001_R1_001.fastq.gz",28892,22972,22000,22301,75,75
"SAR-BR12-WPool-R2-SSU_S387_L001_R1_001.fastq.gz",39125,29662,28424,28414,100,100
"SAR-BR13-D-R1-SSU_S188_L001_R1_001.fastq.gz",30148,25562,24146,24592,0,0
"SAR-BR13-D-R10-SSU_S422_L001_R1_001.fastq.gz",30186,25626,24243,24699,2,2
"SAR-BR13-D-R2-SSU_S93_L001_R1_001.fastq.gz",30237,25297,23966,24469,0,0
"SAR-BR13-D-R4-SSU_S27_L001_R1_001.fastq.gz",23512,19738,18713,19094,0,0
"SAR-BR13-D-R5-SSU_S183_L001_R1_001.fastq.gz",26386,21852,20770,21142,1,1
"SAR-BR13-D-R6-SSU_S362_L001_R1_001.fastq.gz",23947,19962,19064,19338,3,3
"SAR-BR13-D-R7-SSU_S250_L001_R1_001.fastq.gz",26433,22243,21232,21401,34,34
"SAR-BR13-D-R8-SSU_S156_L001_R1_001.fastq.gz",32148,26492,25378,25726,6,6
"SAR-BR13-D-R9-SSU_S56_L001_R1_001.fastq.gz",49354,40865,39075,39781,0,0
"SAR-BR13-W02-R13-SSU_S18_L001_R1_001.fastq.gz",56052,33059,31420,31588,1609,1609
"SAR-BR13-W02-R2-SSU_S385_L001_R1_001.fastq.gz",31656,16464,15614,15654,350,350
"SAR-BR13-WPool-R1-SSU_S334_L001_R1_001.fastq.gz",25360,20390,19425,19682,91,91
"SAR-BR13-WPool-R2-SSU_S116_L001_R1_001.fastq.gz",32500,26649,25274,25442,66,66
"SAR-BR13-WPool-R3-SSU_S403_L001_R1_001.fastq.gz",39814,31245,29922,30155,173,173
"SAR-BR14-D-R1-SSU_S240_L001_R1_001.fastq.gz",34655,29472,27732,28253,7,7
"SAR-BR14-D-R10-SSU_S426_L001_R1_001.fastq.gz",45093,37335,35721,35993,60,60
"SAR-BR14-D-R2-SSU_S107_L001_R1_001.fastq.gz",19153,15671,14689,14957,2,2
"SAR-BR14-D-R3-SSU_S258_L001_R1_001.fastq.gz",25486,21212,20184,20291,0,0
"SAR-BR14-D-R4-SSU_S248_L001_R1_001.fastq.gz",39421,33757,32240,32688,20,20
"SAR-BR14-D-R5-SSU_S171_L001_R1_001.fastq.gz",21891,17323,16476,16627,10,10
"SAR-BR14-D-R7-SSU_S211_L001_R1_001.fastq.gz",33047,27758,26430,26767,10,10
"SAR-BR14-D-R8-SSU_S289_L001_R1_001.fastq.gz",27676,22960,22066,22272,4,4
"SAR-BR14-D-R9-SSU_S203_L001_R1_001.fastq.gz",69682,59851,56829,57174,24,24
"SAR-BR14-W02-R1-SSU_S185_L001_R1_001.fastq.gz",33104,26647,25613,25696,873,873
"SAR-BR14-WPool-R1-SSU_S241_L001_R1_001.fastq.gz",43998,36377,34519,34822,235,235
"SAR-BR14-WPool-R2-SSU_S324_L001_R1_001.fastq.gz",25447,21113,19904,20136,94,94
"SAR-BR15-D-R10-SSU_S322_L001_R1_001.fastq.gz",50731,43240,41741,41757,8,8
"SAR-BR15-D-R2-SSU_S140_L001_R1_001.fastq.gz",18295,14925,14374,14451,5,5
"SAR-BR15-D-R3-SSU_S402_L001_R1_001.fastq.gz",29093,24956,24048,24197,0,0
"SAR-BR15-D-R4-SSU_S14_L001_R1_001.fastq.gz",21273,17838,17085,17209,0,0
"SAR-BR15-D-R5-SSU_S193_L001_R1_001.fastq.gz",28420,22646,21787,21830,22,22
"SAR-BR15-D-R6-SSU_S99_L001_R1_001.fastq.gz",20954,17681,16695,16769,0,0
"SAR-BR15-D-R7-SSU_S340_L001_R1_001.fastq.gz",28337,24296,23488,23612,0,0
"SAR-BR15-D-R8-SSU_S218_L001_R1_001.fastq.gz",40054,34121,33006,33150,86,86
"SAR-BR15-D-R9-SSU_S379_L001_R1_001.fastq.gz",36639,31415,30185,30452,9,9
"SAR-BR15-W02-R1-SSU_S66_L001_R1_001.fastq.gz",65566,46572,44916,44931,838,838
"SAR-BR15-W02-R3-SSU_S252_L001_R1_001.fastq.gz",24865,15521,15036,15063,450,450
"SAR-BR15-WPool-R1-SSU_S169_L001_R1_001.fastq.gz",28516,22580,21542,21728,54,54
"SAR-BR15-WPool-R2-SSU_S341_L001_R1_001.fastq.gz",26723,18796,17780,17984,279,279
"SAR-BR15-WPool-R3-SSU_S159_L001_R1_001.fastq.gz",30953,25715,24539,24738,67,66
"SAR-BR16-D-R1-SSU_S212_L001_R1_001.fastq.gz",29204,24602,23509,23920,13,13
"SAR-BR16-D-R10-SSU_S313_L001_R1_001.fastq.gz",70093,60376,58139,58645,24,24
"SAR-BR16-D-R2-SSU_S67_L001_R1_001.fastq.gz",23355,19986,18930,19368,11,11
"SAR-BR16-D-R3-SSU_S184_L001_R1_001.fastq.gz",28048,23613,22354,22799,8,8
"SAR-BR16-D-R4-SSU_S42_L001_R1_001.fastq.gz",25467,21450,20185,20694,2,2
"SAR-BR16-D-R5-SSU_S352_L001_R1_001.fastq.gz",33424,28250,26825,27387,10,10
"SAR-BR16-D-R6-SSU_S282_L001_R1_001.fastq.gz",20908,17555,16685,16957,4,4
"SAR-BR16-D-R7-SSU_S328_L001_R1_001.fastq.gz",21267,18256,17186,17502,8,8
"SAR-BR16-D-R8-SSU_S86_L001_R1_001.fastq.gz",33816,28528,27043,27528,5,5
"SAR-BR16-D-R9-SSU_S365_L001_R1_001.fastq.gz",28872,23523,22450,22675,19,19
"SAR-BR16-W02-R1-SSU_S123_L001_R1_001.fastq.gz",48723,32553,31100,31143,1368,1368
"SAR-BR16-W02-R3-SSU_S59_L001_R1_001.fastq.gz",30950,21205,20198,20268,1252,1252
"SAR-BR16-WPool-R1-SSU_S225_L001_R1_001.fastq.gz",29206,22337,21338,21431,1126,1126
"SAR-BR16-WPool-R2-SSU_S15_L001_R1_001.fastq.gz",22522,19051,17928,18178,9,9
"SAR-BR16-WPool-R3-SSU_S348_L001_R1_001.fastq.gz",29527,23513,22304,22653,505,505
"SAR-BR17-D-R1-SSU_S51_L001_R1_001.fastq.gz",21751,17807,16876,17093,0,0
"SAR-BR17-D-R10-SSU_S295_L001_R1_001.fastq.gz",18376,15464,14607,14884,2,2
"SAR-BR17-D-R2-SSU_S237_L001_R1_001.fastq.gz",29484,24780,23486,23950,14,14
"SAR-BR17-D-R3-SSU_S305_L001_R1_001.fastq.gz",23107,19525,18463,18821,4,4
"SAR-BR17-D-R4-SSU_S309_L001_R1_001.fastq.gz",28153,23502,22354,22787,0,0
"SAR-BR17-D-R6-SSU_S136_L001_R1_001.fastq.gz",20694,15572,15051,15204,4,4
"SAR-BR17-D-R7-SSU_S355_L001_R1_001.fastq.gz",32929,27560,26213,26659,5,5
"SAR-BR17-D-R8-SSU_S199_L001_R1_001.fastq.gz",55843,47635,45260,45776,9,9
"SAR-BR17-D-R9-SSU_S372_L001_R1_001.fastq.gz",28611,23846,22775,22966,10,10
"SAR-BR17-W02-R1-SSU_S209_L001_R1_001.fastq.gz",39147,29243,28108,28179,6059,6059
"SAR-BR17-W02-R2-SSU_S97_L001_R1_001.fastq.gz",35073,27086,25928,26085,6016,6016
"SAR-BR17-W02-R3-SSU_S43_L001_R1_001.fastq.gz",26419,19687,18904,19061,2051,2051
"SAR-BR17-W02-R4-SSU_S168_L001_R1_001.fastq.gz",24364,18510,17703,17758,1898,1898
"SAR-BR17-W02-R5-SSU_S36_L001_R1_001.fastq.gz",26888,18654,17718,17777,3664,3664
"SAR-BR17-W02-R6-SSU_S134_L001_R1_001.fastq.gz",38424,29940,28886,28900,5476,5476
"SAR-BR17-W02-R7-SSU_S114_L001_R1_001.fastq.gz",33301,24533,24029,24018,3302,3302
"SAR-BR17-W02-R8-SSU_S235_L001_R1_001.fastq.gz",34890,25228,24095,24183,8703,8703
"SAR-BR17-WPool-R1-SSU_S374_L001_R1_001.fastq.gz",28939,21081,20136,20168,220,220
"SAR-BR17-WPool-R10-SSU_S320_L001_R1_001.fastq.gz",28940,22953,21848,22153,690,690
"SAR-BR17-Wpool-R11-SSU_S45_L001_R1_001.fastq.gz",27117,22648,21393,21601,323,323
"SAR-BR17-Wpool-R12-SSU_S11_L001_R1_001.fastq.gz",22527,18684,17678,17945,293,293
"SAR-BR17-WPool-R13-SSU_S251_L001_R1_001.fastq.gz",27268,22603,21496,21669,473,473
"SAR-BR17-Wpool-R15-SSU_S4_L001_R1_001.fastq.gz",24493,20050,18554,18861,424,424
"SAR-BR17-Wpool-R2-SSU_S25_L001_R1_001.fastq.gz",8955,6176,5761,5936,88,88
"SAR-BR17-WPool-R3-SSU_S79_L001_R1_001.fastq.gz",23342,18209,17104,17362,571,571
"SAR-BR17-WPool-R4-SSU_S409_L001_R1_001.fastq.gz",40787,31256,30041,30251,659,659
"SAR-BR17-WPool-R5-SSU_S291_L001_R1_001.fastq.gz",27470,22601,21371,21739,339,339
"SAR-BR17-WPool-R6-SSU_S391_L001_R1_001.fastq.gz",40256,32074,30828,31056,508,508
"SAR-BR17-WPool-R7-SSU_S118_L001_R1_001.fastq.gz",43541,36433,34690,35102,790,790
"SAR-BR17-Wpool-R8-SSU_S38_L001_R1_001.fastq.gz",37670,31109,29721,29968,832,832
"SAR-BR17-WPool-R9-SSU_S312_L001_R1_001.fastq.gz",36138,29697,28385,28665,497,497
"SAR-BR18-D-R1-SSU_S35_L001_R1_001.fastq.gz",31922,26685,25526,25984,21,21
"SAR-BR18-D-R2-SSU_S108_L001_R1_001.fastq.gz",35699,30095,28549,28954,15,15
"SAR-BR18-D-R3-SSU_S404_L001_R1_001.fastq.gz",37349,30698,29279,29700,443,443
"SAR-BR18-W02-R1-SSU_S101_L001_R1_001.fastq.gz",32426,24725,23736,23703,34,34
"SAR-BR18-WPool-R1-SSU_S98_L001_R1_001.fastq.gz",34541,28258,26956,27235,47,47
"SAR-BR18-WPool-R2-SSU_S161_L001_R1_001.fastq.gz",27463,22777,21537,21760,46,46
"SAR-BR19-D-R1-SSU_S266_L001_R1_001.fastq.gz",21343,17810,17102,17250,6,6
"SAR-BR19-D-R10-SSU_S163_L001_R1_001.fastq.gz",22339,17925,16999,17239,9,9
"SAR-BR19-D-R2-SSU_S217_L001_R1_001.fastq.gz",37600,32006,30281,30824,5,5
"SAR-BR19-D-R3-SSU_S49_L001_R1_001.fastq.gz",40444,33339,31720,32152,8,8
"SAR-BR19-D-R4-SSU_S244_L001_R1_001.fastq.gz",55425,47477,45473,46277,14,14
"SAR-BR19-D-R5-SSU_S205_L001_R1_001.fastq.gz",26399,20798,19981,20206,0,0
"SAR-BR19-D-R7-SSU_S307_L001_R1_001.fastq.gz",25454,21542,20357,20698,2,2
"SAR-BR19-D-R8-SSU_S167_L001_R1_001.fastq.gz",17415,13949,13043,13176,6,6
"SAR-BR19-D-R9-SSU_S332_L001_R1_001.fastq.gz",22697,18889,17930,18233,0,0
"SAR-BR19-W02-R1-SSU_S88_L001_R1_001.fastq.gz",11937,7333,7105,7123,66,66
"SAR-BR19-W02-R2-SSU_S359_L001_R1_001.fastq.gz",26892,12455,12054,12016,225,225
"SAR-BR19-WPool-R1-SSU_S30_L001_R1_001.fastq.gz",32496,26192,24990,25197,41,41
"SAR-BR19-Wpool-R2-SSU_S75_L001_R1_001.fastq.gz",33918,27950,26542,26765,44,44
"SAR-BR19-WPool-R3-SSU_S354_L001_R1_001.fastq.gz",28264,22703,21668,21906,44,44
"SAR-BR2-D-R10-SSU_S46_L001_R1_001.fastq.gz",24293,20362,19291,19570,31,31
"SAR-BR2-D-R2-SSU_S369_L001_R1_001.fastq.gz",65238,55683,53550,54130,126,126
"SAR-BR2-D-R3-SSU_S366_L001_R1_001.fastq.gz",24021,20169,19092,19380,61,61
"SAR-BR2-D-R4-SSU_S343_L001_R1_001.fastq.gz",25657,21859,20759,21033,57,57
"SAR-BR2-D-R5-SSU_S9_L001_R1_001.fastq.gz",18160,13602,13124,13219,26,26
"SAR-BR2-D-R6-SSU_S143_L001_R1_001.fastq.gz",24466,19495,18820,19098,53,53
"SAR-BR2-D-R7-SSU_S223_L001_R1_001.fastq.gz",6124,4969,4670,4735,7,7
"SAR-BR2-D-R8-SSU_S269_L001_R1_001.fastq.gz",37005,31908,30304,30652,73,73
"SAR-BR2-D-R9-SSU_S308_L001_R1_001.fastq.gz",24190,20318,19278,19465,32,32
"SAR-BR2-W02-R1-SSU_S316_L001_R1_001.fastq.gz",30838,23262,22543,22651,1248,1248
"SAR-BR2-W02-R2-SSU_S287_L001_R1_001.fastq.gz",34135,24955,24199,24186,712,712
"SAR-BR2-W02-R3-SSU_S412_L001_R1_001.fastq.gz",31053,20966,20246,20224,597,597
"SAR-BR2-W02-R4-SSU_S19_L001_R1_001.fastq.gz",28662,16477,15819,15856,1071,1071
"SAR-BR2-WPool-R1-SSU_S323_L001_R1_001.fastq.gz",26332,21505,20509,20642,582,582
"SAR-BR2-WPool-R2-SSU_S410_L001_R1_001.fastq.gz",37646,23904,22970,23041,1210,1210
"SAR-BR2-WPool-R3-SSU_S220_L001_R1_001.fastq.gz",31034,25275,24320,24508,560,560
"SAR-BR2-WPool-R4-SSU_S417_L001_R1_001.fastq.gz",45155,34235,33163,33283,1131,1131
"SAR-BR2-WPool-R5-SSU_S92_L001_R1_001.fastq.gz",30516,25849,24716,24952,333,333
"SAR-BR20-D-R10-SSU_S74_L001_R1_001.fastq.gz",23997,20640,19385,19594,14,13
"SAR-BR20-D-R2-SSU_S246_L001_R1_001.fastq.gz",40545,35582,33923,34489,22,22
"SAR-BR20-D-R3-SSU_S259_L001_R1_001.fastq.gz",26914,23157,21919,22346,13,13
"SAR-BR20-D-R4-SSU_S71_L001_R1_001.fastq.gz",27535,23017,21869,22352,507,507
"SAR-BR20-D-R5-SSU_S351_L001_R1_001.fastq.gz",25050,20753,19551,20015,12,12
"SAR-BR20-D-R6-SSU_S160_L001_R1_001.fastq.gz",24245,20422,19022,19315,24,24
"SAR-BR20-D-R7-SSU_S65_L001_R1_001.fastq.gz",15876,13625,12759,12972,21,21
"SAR-BR20-D-R8-SSU_S388_L001_R1_001.fastq.gz",58828,49096,46832,47471,45,45
"SAR-BR20-D-R9-SSU_S120_L001_R1_001.fastq.gz",17925,13168,12643,12842,9,9
"SAR-BR20-W02-R1-SSU_S415_L001_R1_001.fastq.gz",34990,20983,20216,20124,413,413
"SAR-BR20-W02-R3-SSU_S73_L001_R1_001.fastq.gz",50073,31177,29375,29371,137,137
"SAR-BR20-WPool-R1-SSU_S353_L001_R1_001.fastq.gz",27533,22232,20794,21305,39,39
"SAR-BR20-WPool-R2-SSU_S227_L001_R1_001.fastq.gz",59574,48232,45873,46496,167,167
"SAR-BR20-WPool-R3-SSU_S90_L001_R1_001.fastq.gz",29567,23740,22401,22846,84,84
"SAR-BR21-D-R1-SSU_S131_L001_R1_001.fastq.gz",30008,24479,23657,23683,5,5
"SAR-BR21-W02-R1-SSU_S350_L001_R1_001.fastq.gz",33328,24750,23900,23978,217,217
"SAR-BR21-Wpool-R1-SSU_S111_L001_R1_001.fastq.gz",46152,35371,34251,34368,302,302
"SAR-BR21-Wpool-R2-SSU_S383_L001_R1_001.fastq.gz",35756,25296,24374,24477,0,0
"SAR-BR22-D-R1-SSU_S84_L001_R1_001.fastq.gz",22639,18577,17788,17912,20,20
"SAR-BR22-D-R2-SSU_S232_L001_R1_001.fastq.gz",38517,32398,30774,31100,24,24
"SAR-BR22-W02-R1-SSU_S420_L001_R1_001.fastq.gz",26581,14999,14499,14523,183,183
"SAR-BR22-W02-R2-SSU_S128_L001_R1_001.fastq.gz",25183,13214,12930,12951,128,128
"SAR-BR22-Wpool-R1-SSU_S349_L001_R1_001.fastq.gz",22732,18474,17376,17619,68,68
"SAR-BR22-Wpool-R2-SSU_S347_L001_R1_001.fastq.gz",37625,29634,28323,28537,84,84
"SAR-BR23-D-R1-SSU_S418_L001_R1_001.fastq.gz",33785,29490,28316,28644,0,0
"SAR-BR23-D-R10-SSU_S398_L001_R1_001.fastq.gz",41647,35267,33742,34020,4,4
"SAR-BR23-D-R2-SSU_S24_L001_R1_001.fastq.gz",53554,45294,42906,43411,2,2
"SAR-BR23-D-R3-SSU_S178_L001_R1_001.fastq.gz",27612,23241,22070,22262,0,0
"SAR-BR23-D-R4-SSU_S109_L001_R1_001.fastq.gz",35297,29194,27658,28215,3,3
"SAR-BR23-D-R6-SSU_S191_L001_R1_001.fastq.gz",27178,22613,21638,21816,221,221
"SAR-BR23-D-R7-SSU_S329_L001_R1_001.fastq.gz",24287,20690,19502,19801,0,0
"SAR-BR23-D-R8-SSU_S276_L001_R1_001.fastq.gz",26900,22476,21421,21717,2,2
"SAR-BR23-D-R9-SSU_S389_L001_R1_001.fastq.gz",36785,31044,29663,30078,4,4
"SAR-BR23-W02-R1-SSU_S236_L001_R1_001.fastq.gz",37932,31213,29441,29819,100,100
"SAR-BR23-W02-R2-SSU_S279_L001_R1_001.fastq.gz",30757,24687,23254,23545,40,40
"SAR-BR23-Wpool-R-SSU_S62_L001_R1_001.fastq.gz",23689,19703,18671,19049,517,517
"SAR-BR23-Wpool-R1-SSU_S119_L001_R1_001.fastq.gz",43554,35489,33945,34318,90,90
"SAR-BR23-Wpool-R2-SSU_S210_L001_R1_001.fastq.gz",36132,30355,28597,29073,34,34
"SAR-BR24-D-R1-SSU_S31_L001_R1_001.fastq.gz",10102,7395,6657,6814,0,0
"SAR-BR24-D-R10-SSU_S224_L001_R1_001.fastq.gz",28552,23800,22659,22902,0,0
"SAR-BR24-D-R2-SSU_S226_L001_R1_001.fastq.gz",35523,29652,28320,28563,11,11
"SAR-BR24-D-R3-SSU_S427_L001_R1_001.fastq.gz",40279,33746,32347,32648,7,7
"SAR-BR24-D-R5-SSU_S44_L001_R1_001.fastq.gz",41965,34746,32762,33131,0,0
"SAR-BR24-D-R6-SSU_S153_L001_R1_001.fastq.gz",27524,23631,22360,22636,0,0
"SAR-BR24-D-R7-SSU_S327_L001_R1_001.fastq.gz",27015,22910,21606,21901,0,0
"SAR-BR24-D-R8-SSU_S331_L001_R1_001.fastq.gz",21509,17903,17199,17288,0,0
"SAR-BR24-D-R9-SSU_S158_L001_R1_001.fastq.gz",29720,25137,23847,24196,2,2
"SAR-BR24-W02-R1-SSU_S390_L001_R1_001.fastq.gz",43166,25104,24251,24295,2160,2160
"SAR-BR24-W02-R3-SSU_S32_L001_R1_001.fastq.gz",62457,44054,42618,42819,3142,3142
"SAR-BR24-Wpool-R1-SSU_S2_L001_R1_001.fastq.gz",23260,19076,18010,18265,99,99
"SAR-BR24-Wpool-R2-SSU_S285_L001_R1_001.fastq.gz",30628,25729,24302,24643,89,89
"SAR-BR24-Wpool-R3-SSU_S133_L001_R1_001.fastq.gz",27711,22299,21133,21392,272,272
"SAR-BR25-D-R1-SSU_S429_L001_R1_001.fastq.gz",27773,23409,22248,22441,11,11
"SAR-BR25-D-R2-SSU_S411_L001_R1_001.fastq.gz",31939,26922,25736,25881,29,29
"SAR-BR25-W02-R1-SSU_S89_L001_R1_001.fastq.gz",32546,25434,24611,24720,1158,1158
"SAR-BR25-Wpool-R1-SSU_S267_L001_R1_001.fastq.gz",22865,18915,18110,18283,196,196
"SAR-BR25-Wpool-R2-SSU_S39_L001_R1_001.fastq.gz",56870,46844,44674,44999,228,228
"SAR-BR26-D-R1-SSU_S16_L001_R1_001.fastq.gz",24786,20008,18898,19154,2,2
"SAR-BR26-D-R2-SSU_S162_L001_R1_001.fastq.gz",29922,25180,23786,24085,0,0
"SAR-BR26-D-R3-SSU_S139_L001_R1_001.fastq.gz",25208,21054,19782,20101,0,0
"SAR-BR26-D-R4-SSU_S181_L001_R1_001.fastq.gz",24664,20558,19465,19715,6,6
"SAR-BR26-D-R5-SSU_S255_L001_R1_001.fastq.gz",24452,20585,19527,19682,5,5
"SAR-BR26-W02-R1-SSU_S146_L001_R1_001.fastq.gz",21144,16400,15543,15541,120,120
"SAR-BR26-W02-R2-SSU_S222_L001_R1_001.fastq.gz",56282,43587,41015,41350,97,97
"SAR-BR26-Wpool-R1-SSU_S367_L001_R1_001.fastq.gz",43744,36703,35110,35154,11,11
"SAR-BR26-Wpool-R2-SSU_S47_L001_R1_001.fastq.gz",37704,29713,28559,28739,0,0
"SAR-BR27-D-R1-SSU_S5_L001_R1_001.fastq.gz",33106,27369,25646,26175,0,0
"SAR-BR27-D-R10-SSU_S20_L001_R1_001.fastq.gz",10848,9143,8237,8413,0,0
"SAR-BR27-D-R2-SSU_S405_L001_R1_001.fastq.gz",50953,42374,40101,40848,4,4
"SAR-BR27-D-R3-SSU_S377_L001_R1_001.fastq.gz",33763,27985,26642,27149,0,0
"SAR-BR27-D-R4-SSU_S53_L001_R1_001.fastq.gz",29661,24249,22657,23266,0,0
"SAR-BR27-D-R6-SSU_S260_L001_R1_001.fastq.gz",27343,22909,21448,21916,0,0
"SAR-BR27-D-R7-SSU_S34_L001_R1_001.fastq.gz",64628,55145,52270,53121,6,6
"SAR-BR27-D-R8-SSU_S130_L001_R1_001.fastq.gz",23737,19551,18457,18855,3,3
"SAR-BR27-D-R9-SSU_S370_L001_R1_001.fastq.gz",31341,26269,24521,24952,4,4
"SAR-BR27-W02-R1-SSU_S301_L001_R1_001.fastq.gz",51423,35135,34186,34184,332,332
"SAR-BR27-W02-R3-SSU_S363_L001_R1_001.fastq.gz",16161,8857,8668,8657,45,45
"SAR-BR27-Wpool-R1-SSU_S386_L001_R1_001.fastq.gz",40247,32286,31183,31303,114,114
"SAR-BR27-Wpool-R2-SSU_S1_L001_R1_001.fastq.gz",14448,10151,9747,9832,29,29
"SAR-BR27-Wpool-R3-SSU_S242_L001_R1_001.fastq.gz",30156,25484,24497,24731,74,74
"SAR-BR28-D-R1-SSU_S206_L001_R1_001.fastq.gz",34767,29129,27615,28192,35,35
"SAR-BR28-D-R2-SSU_S82_L001_R1_001.fastq.gz",22556,18417,17257,17698,10,10
"SAR-BR28-D-R3-SSU_S177_L001_R1_001.fastq.gz",29218,24112,22597,23126,33,33
"SAR-BR28-D-R4-SSU_S361_L001_R1_001.fastq.gz",29215,23610,22227,22833,11,11
"SAR-BR28-W02-R1-SSU_S68_L001_R1_001.fastq.gz",30921,22631,21801,21844,390,390
"SAR-BR28-WPool-R1-SSU_S253_L001_R1_001.fastq.gz",28239,22695,21676,21800,48,48
"SAR-BR28-WPool-R2-SSU_S288_L001_R1_001.fastq.gz",29256,23878,22729,22851,41,41
"SAR-BR29-D-R1-SSU_S197_L001_R1_001.fastq.gz",35265,29697,28356,28506,104,104
"SAR-BR29-D-R10-SSU_S262_L001_R1_001.fastq.gz",37068,30414,29275,29478,63,63
"SAR-BR29-D-R2-SSU_S315_L001_R1_001.fastq.gz",27952,23192,22050,22398,20,20
"SAR-BR29-D-R3-SSU_S12_L001_R1_001.fastq.gz",51901,42410,40308,40538,143,143
"SAR-BR29-D-R4-SSU_S70_L001_R1_001.fastq.gz",21123,16011,15517,15695,76,75
"SAR-BR29-D-R5-SSU_S174_L001_R1_001.fastq.gz",22550,18527,17834,17986,28,28
"SAR-BR29-D-R6-SSU_S278_L001_R1_001.fastq.gz",24602,20118,19381,19560,40,40
"SAR-BR29-D-R7-SSU_S76_L001_R1_001.fastq.gz",28327,22595,21441,21760,102,102
"SAR-BR29-D-R9-SSU_S419_L001_R1_001.fastq.gz",35497,29276,28282,28445,40,40
"SAR-BR29-W02-R1-SSU_S397_L001_R1_001.fastq.gz",25675,8247,7979,7991,139,139
"SAR-BR29-W02-R3-SSU_S304_L001_R1_001.fastq.gz",64233,30887,30023,30068,1167,1167
"SAR-BR29-WPool-R1-SSU_S198_L001_R1_001.fastq.gz",38757,32157,30091,30280,58,58
"SAR-BR29-WPool-R2-SSU_S138_L001_R1_001.fastq.gz",32264,24280,23392,23461,76,76
"SAR-BR29-WPool-R3-SSU_S91_L001_R1_001.fastq.gz",23062,18251,16895,17134,71,71
"SAR-BR3-D-R1-SSU_S137_L001_R1_001.fastq.gz",30389,25165,23782,24087,2,2
"SAR-BR3-D-R2-SSU_S338_L001_R1_001.fastq.gz",49572,41442,39292,39793,6,6
"SAR-BR3-D-R3-SSU_S151_L001_R1_001.fastq.gz",22682,19025,18072,18427,0,0
"SAR-BR3-D-R4-SSU_S271_L001_R1_001.fastq.gz",16363,13404,12644,12743,5,5
"SAR-BR3-D-R5-SSU_S64_L001_R1_001.fastq.gz",20832,17775,16786,17115,2,2
"SAR-BR3-D-R6-SSU_S423_L001_R1_001.fastq.gz",25090,20848,19700,20016,11,11
"SAR-BR3-D-R7-SSU_S22_L001_R1_001.fastq.gz",17696,14678,13474,13804,0,0
"SAR-BR3-D-R8-SSU_S180_L001_R1_001.fastq.gz",26781,22039,20878,21247,5,5
"SAR-BR3-D-R9-SSU_S95_L001_R1_001.fastq.gz",32026,25844,24722,24951,8,8
"SAR-BR3-W02-R1-SSU_S356_L001_R1_001.fastq.gz",33613,25897,24634,24827,173,173
"SAR-BR3-W02-R2-SSU_S145_L001_R1_001.fastq.gz",26029,19077,18382,18373,133,133
"SAR-BR3-W02-R3-SSU_S357_L001_R1_001.fastq.gz",31832,24285,23135,23243,266,266
"SAR-BR3-W02-R4-SSU_S228_L001_R1_001.fastq.gz",39370,30166,29031,29115,72,72
"SAR-BR3-W02-R5-SSU_S392_L001_R1_001.fastq.gz",33715,23200,22451,22440,200,200
"SAR-BR3-WPool-R1-SSU_S296_L001_R1_001.fastq.gz",32311,26971,25324,25531,67,67
"SAR-BR3-WPool-R2-SSU_S96_L001_R1_001.fastq.gz",16644,12514,12094,12231,27,27
"SAR-BR3-Wpool-R3-SSU_S6_L001_R1_001.fastq.gz",28557,23590,22422,22640,13,13
"SAR-BR3-WPool-R4-SSU_S394_L001_R1_001.fastq.gz",32714,26944,25889,26060,26,26
"SAR-BR3-WPool-R5-SSU_S170_L001_R1_001.fastq.gz",23056,18666,17797,17872,6,6
"SAR-BR3-Wpool-R6-SSU_S3_L001_R1_001.fastq.gz",29987,24541,23586,23688,75,75
"SAR-BR31-D-R1-SSU_S132_L001_R1_001.fastq.gz",33034,28158,26707,27117,27,27
"SAR-BR31-D-R2-SSU_S256_L001_R1_001.fastq.gz",24673,20460,19288,19522,19,19
"SAR-BR31-D-R3-SSU_S249_L001_R1_001.fastq.gz",38879,32553,30770,31340,26,26
"SAR-BR31-W02-R1-SSU_S55_L001_R1_001.fastq.gz",33209,22519,21889,22003,176,176
"SAR-BR31-WPool-R1-SSU_S105_L001_R1_001.fastq.gz",35104,28042,26880,27064,32,32
"SAR-BR31-WPool-R2-SSU_S317_L001_R1_001.fastq.gz",31636,25276,24305,24450,61,61
"SAR-BR32-D-R1-SSU_S110_L001_R1_001.fastq.gz",31055,25863,24886,25092,178,178
"SAR-BR32-D-R2-SSU_S100_L001_R1_001.fastq.gz",34780,29420,28073,28217,119,119
"SAR-BR32-W02-R1-SSU_S164_L001_R1_001.fastq.gz",12195,8193,7912,7958,222,222
"SAR-BR32-WPool-R1-SSU_S274_L001_R1_001.fastq.gz",21380,17169,16439,16536,2,2
"SAR-BR32-WPool-R2-SSU_S201_L001_R1_001.fastq.gz",29933,25293,23651,23826,13,13
"SAR-BR33-D-R1-SSU_S33_L001_R1_001.fastq.gz",19810,15640,15155,15311,0,0
"SAR-BR33-D-R10-SSU_S103_L001_R1_001.fastq.gz",34643,28627,27260,27649,2,2
"SAR-BR33-D-R2-SSU_S345_L001_R1_001.fastq.gz",24057,20360,19218,19597,0,0
"SAR-BR33-D-R3-SSU_S408_L001_R1_001.fastq.gz",39650,33612,32028,32325,0,0
"SAR-BR33-D-R4-SSU_S23_L001_R1_001.fastq.gz",64604,56242,53392,53650,0,0
"SAR-BR33-D-R5-SSU_S243_L001_R1_001.fastq.gz",26253,22736,21722,21871,0,0
"SAR-BR33-D-R6-SSU_S290_L001_R1_001.fastq.gz",28019,23505,22442,22787,0,0
"SAR-BR33-D-R7-SSU_S325_L001_R1_001.fastq.gz",22227,19041,17993,18283,2,2
"SAR-BR33-D-R8-SSU_S407_L001_R1_001.fastq.gz",27993,23580,22481,22664,5,5
"SAR-BR33-W02-R1-SSU_S112_L001_R1_001.fastq.gz",16782,9625,9426,9437,227,227
"SAR-BR33-W02-R2-SSU_S149_L001_R1_001.fastq.gz",53404,31867,30702,30748,1237,1237
"SAR-BR33-WPool-R1-SSU_S102_L001_R1_001.fastq.gz",39360,32302,30977,31089,17,17
"SAR-BR33-WPool-R2-SSU_S195_L001_R1_001.fastq.gz",36801,30402,28936,29122,40,40
"SAR-BR33-Wpool-R3-SSU_S72_L001_R1_001.fastq.gz",22905,18855,18013,18191,3,3
"SAR-BR4-D-R1-SSU_S187_L001_R1_001.fastq.gz",22360,18585,17546,17903,2,2
"SAR-BR4-W02-R1-SSU_S173_L001_R1_001.fastq.gz",28348,22073,21456,21526,97,97
"SAR-BR4-W02-R2-SSU_S360_L001_R1_001.fastq.gz",42431,28307,27426,27478,2,2
"SAR-BR4-WPool-R1-SSU_S135_L001_R1_001.fastq.gz",35975,28198,27477,27457,44,44
"SAR-BR4-WPool-R2-SSU_S208_L001_R1_001.fastq.gz",32586,26105,25437,25557,4,4
"SAR-BR5-D-R1-SSU_S277_L001_R1_001.fastq.gz",24259,20609,19336,19691,22,22
"SAR-BR5-W02-R1-SSU_S375_L001_R1_001.fastq.gz",30692,21046,20259,20314,8,8
"SAR-BR5-WPool-R1-SSU_S344_L001_R1_001.fastq.gz",29247,23501,22391,22604,11,11
"SAR-BR5-WPool-R2-SSU_S230_L001_R1_001.fastq.gz",39867,31514,30336,30476,0,0
"SAR-BR6-D-R1-SSU_S314_L001_R1_001.fastq.gz",24546,20721,19507,19837,0,0
"SAR-BR6-D-R10-SSU_S371_L001_R1_001.fastq.gz",18369,13992,13338,13613,0,0
"SAR-BR6-D-R2-SSU_S113_L001_R1_001.fastq.gz",32994,27984,26453,27012,0,0
"SAR-BR6-D-R3-SSU_S229_L001_R1_001.fastq.gz",39182,32687,31039,31493,7,7
"SAR-BR6-D-R4-SSU_S142_L001_R1_001.fastq.gz",26848,21548,20563,20868,9,9
"SAR-BR6-D-R5-SSU_S378_L001_R1_001.fastq.gz",57524,47651,45474,46016,8,8
"SAR-BR6-D-R6-SSU_S293_L001_R1_001.fastq.gz",21673,17885,16940,17195,0,0
"SAR-BR6-D-R7-SSU_S115_L001_R1_001.fastq.gz",22238,18739,17610,17773,0,0
"SAR-BR6-D-R8-SSU_S60_L001_R1_001.fastq.gz",33003,27564,26328,26390,7,7
"SAR-BR6-W02-R2-SSU_S202_L001_R1_001.fastq.gz",33051,26853,25262,25413,207,207
"SAR-BR6-W02-R3-SSU_S121_L001_R1_001.fastq.gz",80383,62894,60811,60935,609,609
"SAR-BR6-WPool-R1-SSU_S200_L001_R1_001.fastq.gz",30643,26196,24558,24733,168,168
"SAR-BR6-WPool-R2-SSU_S373_L001_R1_001.fastq.gz",29419,22759,21727,21903,47,47
"SAR-BR6-WPool-R3-SSU_S194_L001_R1_001.fastq.gz",21299,17823,16802,16927,22,22
"SAR-BR7-D-R1-SSU_S272_L001_R1_001.fastq.gz",16564,13960,13392,13498,0,0
"SAR-BR7-D-R2-SSU_S245_L001_R1_001.fastq.gz",39804,33996,32837,33185,4,4
"SAR-BR7-D-R3-SSU_S395_L001_R1_001.fastq.gz",39342,33365,32161,32316,15,15
"SAR-BR7-D-R4-SSU_S330_L001_R1_001.fastq.gz",24196,20430,19321,19550,7,7
"SAR-BR7-D-R5-SSU_S280_L001_R1_001.fastq.gz",29849,22057,21222,21324,31,31
"SAR-BR7-D-R6-SSU_S326_L001_R1_001.fastq.gz",32326,27166,25994,26218,5,5
"SAR-BR7-D-R7-SSU_S117_L001_R1_001.fastq.gz",42151,35784,34620,34730,7,7
"SAR-BR7-D-R8-SSU_S124_L001_R1_001.fastq.gz",30235,25716,24739,24847,5,5
"SAR-BR7-W02-R1-SSU_S61_L001_R1_001.fastq.gz",32511,22451,21503,21539,144,144
"SAR-BR7-W02-R2-SSU_S204_L001_R1_001.fastq.gz",32315,25134,24239,24310,268,268
"SAR-BR7-WPool-R1-SSU_S207_L001_R1_001.fastq.gz",33774,26476,25452,25681,149,149
"SAR-BR7-Wpool-R2-SSU_S69_L001_R1_001.fastq.gz",38699,30690,29739,29967,401,401
"SAR-BR7-WPool-R3-SSU_S430_L001_R1_001.fastq.gz",31580,23665,22826,22852,147,147
"SAR-BR8-D-R1-SSU_S263_L001_R1_001.fastq.gz",28637,23363,22329,22577,2,2
"SAR-BR8-D-R2-SSU_S57_L001_R1_001.fastq.gz",22706,18014,17235,17458,0,0
"SAR-BR8-W02-R1-SSU_S129_L001_R1_001.fastq.gz",31950,22167,21442,21518,3,3
"SAR-BR8-WPool-R1-SSU_S414_L001_R1_001.fastq.gz",30191,23840,23021,22872,8,8
"SAR-BR8-WPool-R2-SSU_S333_L001_R1_001.fastq.gz",20657,16843,16143,16260,5,5
"SAR-BR9-D-R1-SSU_S302_L001_R1_001.fastq.gz",23349,19312,18480,18722,5,5
"SAR-BR9-D-R10-SSU_S286_L001_R1_001.fastq.gz",45448,37735,36082,36509,10,10
"SAR-BR9-D-R2-SSU_S339_L001_R1_001.fastq.gz",24438,20479,19465,19757,0,0
"SAR-BR9-D-R3-SSU_S300_L001_R1_001.fastq.gz",32615,27667,26572,26630,6,6
"SAR-BR9-D-R4-SSU_S10_L001_R1_001.fastq.gz",20116,16915,16073,16334,0,0
"SAR-BR9-D-R6-SSU_S85_L001_R1_001.fastq.gz",20624,17168,16366,16559,2,2
"SAR-BR9-D-R7-SSU_S21_L001_R1_001.fastq.gz",17914,15466,14223,14598,0,0
"SAR-BR9-D-R8-SSU_S63_L001_R1_001.fastq.gz",31674,27432,26243,26603,7,7
"SAR-BR9-D-R9-SSU_S213_L001_R1_001.fastq.gz",36425,29817,28782,28950,2,2
"SAR-BR9-W02-R1-SSU_S127_L001_R1_001.fastq.gz",69016,31005,30012,29996,13167,13167
"SAR-BR9-W02-R3-SSU_S50_L001_R1_001.fastq.gz",33952,18204,17711,17735,319,319
"SAR-BR9-WPool-R1-SSU_S335_L001_R1_001.fastq.gz",33184,27410,26379,26605,19,19
"SAR-BR9-WPool-R2-SSU_S346_L001_R1_001.fastq.gz",37434,30621,29259,29513,38,38
"SAR-BR9-WPool-R3-SSU_S234_L001_R1_001.fastq.gz",34805,29029,27628,27875,21,21
"SAR-S1-T1-R1-SSU_S29_L001_R1_001.fastq.gz",17750,9582,9251,9246,83,83
"SAR-S1-T1-R2-SSU_S26_L001_R1_001.fastq.gz",30426,16427,15983,16051,21,21
"SAR-S1-T1-R3-SSU_S13_L001_R1_001.fastq.gz",20497,17418,16493,16718,2,2
"SAR-S1-T2-R1-SSU_S154_L001_R1_001.fastq.gz",29473,22598,22065,21995,461,461
"SAR-S1-T2-R2-SSU_S421_L001_R1_001.fastq.gz",24157,7691,7493,7499,0,0
"SAR-S1-T2-R3-SSU_S428_L001_R1_001.fastq.gz",37742,10474,10173,10187,25,25
"SAR-S1-T2-R4-SSU_S281_L001_R1_001.fastq.gz",32915,17559,17081,17087,373,373
"SAR-S1-T2-R5-SSU_S165_L001_R1_001.fastq.gz",34462,27154,26367,26463,185,185
"SAR-S1-T2-R6-SSU_S364_L001_R1_001.fastq.gz",34427,7043,6793,6812,92,92
"SAR-S1-T3-R1-SSU_S176_L001_R1_001.fastq.gz",28407,22884,22061,22238,360,360
"SAR-S1-T3-R2-SSU_S396_L001_R1_001.fastq.gz",29322,12648,12380,12397,0,0
"SAR-S1-T3-R3-SSU_S399_L001_R1_001.fastq.gz",44679,17018,16607,16631,0,0
"SAR-S1-T3-R4-SSU_S294_L001_R1_001.fastq.gz",18398,11132,10782,10816,176,176
"SAR-S1-T3-R5-SSU_S150_L001_R1_001.fastq.gz",12108,9124,8984,8998,176,176
"SAR-S1-T3-R6-SSU_S126_L001_R1_001.fastq.gz",32695,26507,25321,25447,98,98
"SAR-S1-T4-R1-SSU_S17_L001_R1_001.fastq.gz",432,139,39,76,0,0
"SAR-S1-T4-R2-SSU_S219_L001_R1_001.fastq.gz",49645,38942,37871,38095,148,148
"SAR-S1-T4-R3-SSU_S384_L001_R1_001.fastq.gz",36643,13308,12765,12862,21,21
"SAR-S1-T4-R4-SSU_S298_L001_R1_001.fastq.gz",28046,21813,21160,21204,6,6
"SAR-S1-T4-R5-SSU_S186_L001_R1_001.fastq.gz",26011,16889,16344,16289,0,0
"SAR-S1-T4-R6-SSU_S306_L001_R1_001.fastq.gz",28194,10378,10185,10194,286,286
"SAR-S2-T1-R4-SSU_S48_L001_R1_001.fastq.gz",20938,11737,11554,11563,17,17
"SAR-S2-T1-R5-SSU_S40_L001_R1_001.fastq.gz",33555,25805,25231,25300,100,100
"SAR-S2-T1-R6-SSU_S41_L001_R1_001.fastq.gz",16991,12059,11844,11857,150,150
